CHR,SNP,Count6000,N6000,Count5500,N5500,Count5000,N5000,Count4500,N4500,Count4000,N4000,Count3500,N3500,Count3000,N3000,Count2500,N2500,Count2000,N2000,Count1500,N1500,Count1000,N1000,Count500,N500
1,rs3094315,2,14,4,22,10,56,2,28,2,26,0,8,0,8,0,20,0,8,2,20,0,16,0,6
1,rs12124819,16,18,26,32,42,54,22,30,24,30,8,10,6,8,18,18,6,6,10,12,16,20,8,10
1,rs950122,14,18,16,20,58,66,20,26,26,30,18,18,4,4,14,16,8,8,16,20,8,14,2,2
1,rs13302957,0,20,2,36,8,94,6,36,8,44,2,12,0,8,0,24,0,12,2,40,0,22,0,4
1,rs6696609,16,18,12,20,34,46,22,28,24,28,10,10,4,4,8,12,6,8,10,18,6,10,4,4
1,rs8997,0,10,0,4,4,26,2,14,2,18,0,4,0,2,0,4,0,2,4,8,2,6,4,4
1,rs4075116,2,16,6,20,10,78,8,22,10,28,6,16,4,10,2,16,0,12,10,26,6,12,0,10
1,rs3934834,16,20,18,30,52,70,22,32,28,38,8,12,6,10,10,16,4,8,26,28,16,16,4,6
1,rs9442372,6,16,16,26,24,82,18,32,22,44,12,18,4,8,8,12,6,14,4,12,8,22,4,6
1,rs3737728,6,14,6,22,14,66,8,32,16,42,8,16,0,8,0,12,2,8,12,22,4,14,0,6
1,rs11260588,14,14,34,34,64,64,36,36,36,36,10,10,12,14,12,12,8,8,14,14,18,18,4,4
1,rs9442398,6,20,8,34,16,84,8,38,16,46,8,16,2,8,8,20,0,8,10,30,6,22,2,8
1,rs6687776,10,20,26,34,58,70,36,44,34,40,6,8,8,8,6,10,6,6,20,26,14,18,8,10
1,rs147606383,14,14,28,28,76,80,30,30,48,48,10,10,10,10,14,14,10,10,24,24,12,12,4,4
1,rs4970405,20,22,24,26,72,82,38,44,36,36,12,14,6,8,18,22,12,12,24,28,8,10,6,6
1,rs12726255,16,18,26,28,72,84,30,36,32,32,14,14,6,8,22,28,8,14,24,24,20,28,6,8
1,rs7540009,18,18,26,26,82,86,36,38,36,36,12,14,12,12,10,14,14,14,30,30,18,18,6,6
1,rs9442373,6,14,18,24,26,52,14,24,18,38,4,10,4,6,2,10,2,6,8,16,4,8,4,6
1,rs2298217,10,10,16,18,50,58,22,26,32,34,10,12,6,6,6,6,6,6,18,20,8,12,4,4
1,rs12145826,14,18,16,28,42,54,18,26,22,30,10,12,6,8,10,12,10,10,14,16,4,6,0,2
1,rs4970357,0,20,2,24,14,90,4,34,4,44,0,18,0,8,0,20,2,6,4,32,2,18,0,6
1,rs11260603,10,12,20,22,66,74,30,36,32,32,8,12,10,10,12,14,6,6,14,18,14,14,6,6
1,rs9442380,4,10,0,22,10,36,2,14,0,16,0,6,0,6,0,10,0,6,0,4,0,2,0,2
1,rs7553429,16,16,26,26,64,64,22,22,32,32,14,14,10,10,12,12,4,4,16,16,10,10,2,2
1,rs4970362,4,18,6,32,26,92,18,44,12,36,6,12,2,10,8,14,6,10,10,30,8,12,0,6
1,rs9660710,2,16,0,32,10,56,4,20,4,32,0,12,2,10,2,16,0,8,2,20,2,10,0,4
1,rs6670693,12,12,18,18,56,56,18,18,44,44,10,10,8,8,16,16,6,6,8,8,6,8,4,4
1,rs4970420,14,18,24,30,62,74,34,44,34,44,8,12,10,10,16,22,8,10,26,30,10,18,2,8
1,rs4970421,18,18,28,28,54,56,26,28,34,34,10,10,6,6,8,10,8,8,16,16,18,18,0,2
1,rs1320565,14,14,20,22,66,70,26,26,36,38,10,10,10,14,10,12,6,6,24,26,14,16,6,8
1,rs1320571,20,22,30,30,76,80,34,34,40,40,12,12,10,10,20,20,10,10,26,26,16,20,4,6
1,rs11260549,8,14,18,20,64,66,22,28,24,28,10,12,8,10,12,12,8,8,16,18,12,14,6,8
1,rs9659213,10,12,8,8,30,30,26,28,28,28,8,8,8,8,14,14,4,4,8,8,4,4,2,2
1,rs9729550,8,18,18,22,52,58,30,36,28,36,16,18,6,6,8,10,6,6,16,20,12,20,2,2
1,rs3813200,14,16,20,22,60,64,18,18,22,22,12,12,6,6,12,12,4,4,6,8,6,6,2,2
1,rs11721,18,22,28,28,58,60,24,30,38,40,16,16,8,8,8,8,2,2,6,8,10,10,4,4
1,rs2887286,18,20,32,38,74,80,38,44,30,46,10,10,8,12,16,18,10,10,28,30,12,18,8,8
1,rs79118541,14,16,14,14,58,60,24,28,40,40,14,14,10,10,8,8,8,8,12,14,8,10,2,2
1,rs3813199,20,20,30,30,82,84,32,36,42,42,10,10,12,14,18,20,10,10,28,28,22,24,8,8
1,rs113791678,20,22,24,24,74,76,36,36,40,40,18,18,8,8,16,18,8,8,20,20,10,12,6,6
1,rs3766186,12,14,14,14,44,46,14,14,16,16,12,12,6,6,4,4,6,6,8,8,10,10,2,2
1,rs7515488,8,14,24,24,80,90,22,32,44,44,12,14,10,10,16,20,8,10,14,20,18,20,4,6
1,rs78424188,20,22,30,30,80,84,32,34,36,40,16,16,8,8,18,20,6,6,22,24,18,18,8,8
1,rs7536568,18,18,24,24,72,78,42,44,32,32,16,16,10,10,14,14,6,6,14,16,18,20,10,10
1,rs715643,16,16,24,28,74,78,28,30,30,34,10,12,10,10,20,24,10,10,30,32,16,16,6,6
1,rs6675798,10,14,22,22,56,58,14,14,20,22,6,6,6,6,14,14,8,8,16,16,8,10,6,6
1,rs7524470,20,20,34,34,76,78,38,38,34,36,16,16,10,10,16,16,6,6,12,16,14,16,4,4
1,rs11804831,14,22,22,24,46,48,18,22,26,26,12,12,4,4,12,14,10,12,8,10,8,14,0,2
1,rs6704013,24,24,38,38,70,74,30,30,44,44,14,16,10,10,12,12,10,10,24,24,22,22,4,4
1,rs12073590,16,16,20,20,44,46,18,18,20,20,12,12,2,2,8,10,8,8,10,10,4,4,2,2
1,rs6667923,20,20,30,30,80,82,38,40,34,34,18,18,10,10,14,14,12,12,20,26,14,14,4,4
1,rs6685064,20,20,26,26,58,58,24,24,28,28,10,10,8,8,18,18,4,4,20,24,10,10,4,4
1,rs148588796,24,24,28,28,96,96,36,38,38,38,20,20,12,12,16,16,10,10,24,24,22,22,8,8
1,rs61559999,26,26,36,36,96,96,48,48,52,52,18,18,16,16,16,16,10,10,32,32,20,22,8,10
1,rs60785581,18,18,22,22,84,86,28,28,40,40,14,14,10,10,22,22,8,8,28,28,24,24,8,8
1,rs2296475,0,14,4,26,2,72,2,26,0,34,0,12,0,8,0,12,0,6,2,28,0,10,0,4
1,rs3737717,18,18,32,32,70,70,30,32,40,40,16,16,10,10,14,14,10,10,22,22,18,18,6,6
1,rs12103,2,8,6,20,16,46,4,18,4,22,4,8,0,6,0,16,4,8,4,22,2,8,2,4
1,rs12142199,6,20,0,28,20,78,10,34,6,44,4,10,0,8,2,14,0,6,14,32,4,22,4,6
1,rs62623580,16,16,24,24,80,86,40,40,36,36,14,14,10,10,18,18,20,20,32,32,16,16,4,4
1,rs111856013,16,18,26,26,74,74,36,36,42,42,16,18,8,8,16,18,10,10,26,26,18,18,10,10
1,rs2765021,4,20,0,28,0,60,4,26,0,38,2,14,0,8,2,22,0,10,6,20,0,16,0,2
1,rs2765033,0,20,0,34,0,86,4,40,0,32,0,12,0,10,2,26,0,8,0,32,2,18,0,6
1,rs2649588,0,8,4,14,4,46,0,22,2,22,0,10,0,6,2,14,0,8,2,8,0,8,2,4
1,rs2454653,4,18,0,38,6,72,2,24,4,40,0,12,0,12,0,16,0,6,2,16,2,20,2,6
1,rs4970443,10,10,24,24,38,42,14,14,18,20,10,10,2,2,10,10,8,8,10,10,6,6,2,2
1,rs1240747,4,10,14,14,36,40,12,14,10,12,8,8,4,4,6,6,2,6,6,6,4,10,4,4
1,snp_1_1330931,26,26,30,30,88,88,42,42,46,46,16,16,10,10,26,26,14,14,26,26,24,24,10,10
1,rs111876693,18,18,28,30,88,94,36,38,48,50,16,16,12,12,18,20,12,12,28,30,18,18,8,8
1,rs143379804,20,20,30,30,92,92,46,46,42,42,16,16,12,12,20,20,8,8,32,32,20,20,8,8
1,rs111605018,14,14,16,16,56,58,16,16,36,36,10,10,8,8,16,16,12,12,16,16,4,4,2,2
1,rs145823663,26,26,30,30,68,68,38,38,42,42,10,10,8,8,10,10,12,12,24,24,10,10,8,8
1,rs819980,10,10,22,22,58,60,28,30,26,30,12,14,6,6,16,18,8,8,14,16,10,10,4,4
1,rs9439462,18,18,30,30,88,92,36,38,44,46,16,18,6,6,22,24,12,12,24,24,14,14,8,8
1,rs75249696,12,12,36,36,72,74,34,34,28,28,16,16,6,6,22,22,6,6,22,22,6,6,6,6
1,rs1046878,12,12,14,14,48,48,16,18,24,24,8,8,6,6,10,10,4,4,12,12,6,6,2,2
1,rs3766178,14,20,30,34,72,86,32,36,32,34,10,14,10,12,22,28,8,12,16,24,20,28,0,4
1,rs2031709,14,14,22,22,50,50,18,18,38,38,12,12,6,6,10,10,6,6,20,22,6,6,2,2
1,rs3128342,6,18,26,38,38,76,16,40,22,40,4,12,8,10,18,28,6,10,16,24,8,20,2,8
1,rs3766176,14,18,24,24,58,70,26,30,34,40,14,14,6,8,12,14,8,8,24,28,14,16,2,8
1,rs1887284,18,20,28,30,80,82,42,42,54,58,18,18,12,12,24,24,12,12,26,30,14,14,10,10
1,rs880051,6,12,24,26,66,84,28,40,40,52,8,14,8,10,14,18,12,14,12,14,12,18,0,4
1,rs3766170,14,18,28,34,60,82,34,42,38,48,10,16,8,8,18,24,10,12,14,22,14,18,2,8
1,rs2296716,12,20,30,34,68,92,24,30,36,38,18,18,8,8,20,24,6,8,26,30,12,12,4,6
1,rs6603791,10,18,16,22,32,48,28,38,16,22,8,12,6,6,4,8,4,6,12,12,8,10,2,4
1,rs6603793,10,14,24,32,40,56,10,20,26,32,8,12,2,4,16,20,4,10,6,10,6,12,0,4
1,rs7520996,20,26,24,34,58,70,26,32,24,38,8,10,8,10,16,20,4,10,14,24,12,20,4,8
1,rs6687029,24,24,14,22,48,54,20,22,30,36,6,8,6,10,8,12,2,6,10,16,16,20,6,6
1,rs28475060,20,20,34,34,74,74,30,30,26,28,12,14,8,8,20,20,10,10,22,26,14,14,6,6
1,rs11486023,0,20,0,26,2,90,0,44,0,40,0,20,0,14,0,24,0,12,2,28,0,22,0,6
1,rs72634819,4,10,8,22,32,48,14,16,6,14,4,8,4,4,2,6,4,6,12,12,10,14,4,4
1,snp_1_1596979,16,16,28,28,72,74,32,32,42,42,14,14,8,8,16,16,10,10,30,30,22,22,6,6
1,rs6604981,0,16,0,26,0,84,0,32,0,46,0,14,0,10,2,12,0,10,4,26,0,14,0,2
1,snp_1_1600552,20,20,32,32,80,80,32,32,42,42,16,16,8,8,18,18,10,10,24,24,16,16,6,6
1,rs11523819,16,18,26,38,32,78,22,38,24,42,10,14,2,8,12,20,0,4,4,16,10,18,6,8
1,rs6699975,8,10,12,16,34,52,6,10,12,32,6,8,2,4,10,10,0,4,2,16,2,10,2,4
1,snp_1_1603935,16,16,28,28,60,64,34,34,44,44,8,8,8,8,10,10,10,10,24,24,10,10,6,6
1,snp_1_1611813,20,20,32,32,74,74,44,44,52,52,16,16,10,10,26,26,16,16,28,28,14,14,8,8
1,rs113677371,12,16,20,30,54,62,26,26,26,34,10,10,6,8,12,18,10,10,16,20,14,18,2,6
1,rs7407,4,18,12,24,30,68,10,32,16,36,8,12,2,6,6,18,2,6,10,20,6,18,4,8
1,rs34306661,12,16,12,26,32,66,10,30,16,32,6,12,4,8,4,12,8,10,4,20,8,18,4,6
1,rs61774979,16,16,32,32,58,58,28,28,40,40,12,12,8,8,16,16,4,4,12,14,12,12,2,2
1,rs6603811,0,18,0,18,4,54,0,34,0,40,2,16,0,8,0,18,2,10,0,32,4,16,0,8
1,rs7531583,6,16,4,16,8,42,12,28,8,30,4,12,0,4,2,4,2,6,2,18,8,18,4,6
1,rs72909062,8,16,16,20,60,78,18,28,24,36,10,14,6,10,6,8,8,8,20,24,18,20,2,4
1,rs9660180,10,22,16,28,34,72,18,42,16,40,6,10,4,10,2,18,0,8,12,30,14,20,4,8
1,rs77305511,12,12,30,32,56,56,16,16,26,26,14,14,4,4,14,14,4,4,12,12,20,20,2,2
1,rs16825336,12,12,32,32,54,54,22,22,32,32,12,12,8,8,14,16,10,10,16,16,12,14,6,6
1,rs2180311,6,22,14,28,34,84,18,30,16,38,6,16,6,12,8,22,2,10,18,28,8,16,2,10
1,rs9786942,4,18,16,28,22,52,8,22,8,24,6,12,4,8,4,14,4,10,12,20,12,16,2,4
1,rs77197462,18,18,24,24,72,72,26,26,32,34,10,10,8,8,18,18,8,8,22,22,16,20,4,4
1,Affx-50012853,14,14,32,32,62,62,30,30,30,30,8,8,8,8,16,16,6,6,14,14,14,14,8,8
1,rs4648727,12,22,16,26,32,70,10,32,20,26,4,10,6,10,10,16,2,4,12,18,10,18,4,4
1,rs6692959,0,14,0,30,2,64,0,34,0,14,0,14,0,8,0,16,0,12,0,16,0,20,0,4
1,rs6603801,0,10,0,22,2,48,0,20,0,24,2,10,0,4,0,12,0,4,0,14,2,12,0,4
1,rs12125422,14,20,20,32,52,70,24,36,28,34,16,18,8,12,8,12,6,8,22,26,18,24,6,8
1,rs12076620,0,16,0,24,2,78,2,38,4,32,2,16,0,10,0,14,0,8,0,20,4,10,0,4
1,rs10907192,0,20,0,36,2,90,2,34,2,50,2,18,0,8,2,24,0,8,4,34,0,18,0,4
1,rs16824500,18,18,26,26,82,82,42,42,52,52,16,16,10,10,18,20,10,10,28,28,20,20,6,6
1,rs7511905,0,10,0,20,0,46,0,22,0,20,0,12,0,8,0,14,0,8,0,12,2,14,0,2
1,rs4648592,10,12,18,22,38,48,12,18,24,28,6,8,4,4,6,8,2,4,10,14,10,14,2,2
1,rs78934919,24,24,40,40,98,98,48,48,44,44,14,14,16,16,28,28,6,6,28,28,18,18,6,6
1,rs7525092,14,16,22,32,66,86,20,28,30,42,14,16,12,12,18,20,10,10,14,24,10,16,6,8
1,rs6603803,4,14,12,20,34,62,18,36,6,20,6,12,4,8,4,10,2,8,6,16,2,8,2,4
1,rs79467228,22,22,28,28,70,70,34,34,42,42,12,12,8,8,22,22,6,6,28,28,14,14,4,4
1,Affx-50013327,20,20,28,28,68,68,30,30,42,42,14,14,10,10,16,16,8,8,20,20,12,12,2,2
1,rs2474460,4,8,12,26,34,50,16,26,14,28,6,10,4,6,8,20,2,6,2,10,16,18,2,2
1,rs35971167,20,20,32,32,74,74,34,34,44,44,16,16,10,10,18,18,6,6,30,30,14,14,6,6
1,rs2490548,4,14,14,30,42,76,20,36,22,44,6,12,4,6,10,16,2,8,22,30,20,28,0,4
1,rs28508199,20,24,28,28,54,78,20,32,40,52,12,16,8,8,12,18,6,6,22,30,10,14,8,8
1,rs12758705,12,14,10,16,40,60,12,26,34,36,10,14,2,2,8,10,10,10,10,18,8,14,0,2
1,rs2803329,6,16,10,22,14,84,2,32,8,36,0,14,4,8,4,16,4,10,0,22,2,20,2,6
1,rs3820011,8,12,16,26,46,78,22,32,26,32,2,8,8,8,6,10,8,8,14,26,10,16,6,8
1,rs28549710,10,18,10,16,26,52,16,26,24,26,4,10,6,6,10,14,10,10,4,8,4,6,2,2
1,rs2803291,10,26,12,38,22,98,14,38,26,54,4,18,4,10,6,32,6,16,10,38,8,26,0,6
1,rs61776990,8,14,16,26,54,68,26,30,20,32,6,12,6,6,8,12,6,6,16,22,12,14,2,6
1,rs4648747,12,18,24,28,66,74,24,34,30,30,8,16,4,8,10,16,8,8,12,18,12,14,4,8
1,rs6605080,16,18,20,32,58,76,14,28,20,34,12,16,6,8,14,20,8,12,16,20,10,18,4,6
1,rs6605081,20,20,28,36,50,72,22,36,28,42,16,16,8,10,14,18,10,12,20,32,18,20,4,6
1,snp_1_1934796,12,12,22,22,48,48,18,18,22,22,4,4,4,4,10,10,6,6,8,8,16,16,4,4
1,rs13303124,0,16,6,28,6,52,6,28,4,30,4,12,0,4,6,16,4,8,6,18,8,14,0,6
1,rs149932247,12,12,24,24,56,56,24,24,42,42,14,14,8,8,14,14,10,10,12,12,12,12,2,2
1,rs10436728,12,16,18,20,42,44,26,28,24,30,8,8,8,8,10,14,8,12,10,16,6,8,2,2
1,rs4648752,0,18,0,24,8,62,0,26,4,40,0,14,4,10,2,18,2,6,0,16,2,14,0,4
1,rs111514148,20,20,28,28,64,64,32,34,36,36,12,12,8,8,20,20,6,6,20,20,18,18,6,6
1,rs144277239,20,20,36,36,76,76,34,34,32,32,14,14,6,6,20,20,8,8,20,20,14,14,4,4
1,rs13303344,4,18,12,36,8,86,6,36,20,48,6,12,2,12,8,24,4,10,6,22,4,14,0,6
1,rs2803309,14,16,16,20,52,66,18,24,34,38,12,16,6,6,10,12,0,8,20,26,10,14,2,4
1,rs2678942,12,18,20,28,58,76,22,38,30,40,8,10,8,12,14,18,0,8,16,24,6,8,4,8
1,rs16824752,14,14,16,20,64,78,24,28,34,36,10,12,8,8,6,10,4,8,22,28,4,4,6,8
1,rs6701689,12,18,28,34,52,68,20,26,30,36,10,18,8,10,10,16,2,8,22,26,12,20,2,6
1,rs6694101,10,12,12,14,46,58,10,22,16,22,8,8,2,2,6,8,6,8,10,12,6,10,2,4
1,rs78564824,18,18,36,40,64,64,36,38,44,46,14,14,8,8,20,20,10,10,22,22,16,18,4,4
1,rs12755035,20,24,22,30,64,74,30,40,36,42,12,16,8,10,20,24,8,8,20,24,14,14,4,4
1,rs884080,8,16,16,28,42,62,16,28,28,40,10,12,4,8,12,14,4,6,14,20,12,22,6,6
1,rs908742,8,18,24,34,52,74,28,36,28,36,14,18,6,6,12,16,0,12,18,22,10,16,6,10
1,rs10910030,6,14,6,22,12,70,10,30,10,36,2,14,6,8,8,18,6,8,16,20,2,6,2,8
1,rs3128332,4,20,4,38,8,94,4,46,4,54,0,16,0,14,8,24,0,12,6,28,0,24,0,8
1,rs4648808,0,22,2,30,8,68,6,30,8,34,0,14,0,8,4,12,2,12,2,26,2,10,2,6
1,rs1467218,18,18,24,26,58,58,26,26,22,24,14,14,6,6,8,8,4,6,20,20,16,16,8,8
1,rs3107151,6,12,4,22,6,48,2,10,6,28,4,10,2,6,6,12,0,8,4,10,4,18,2,4
1,rs116516747,22,22,36,36,78,78,40,40,38,40,16,16,10,10,18,18,8,8,34,34,12,12,6,6
1,rs72907476,16,16,24,24,70,70,28,28,28,28,14,14,10,10,18,18,8,8,16,16,14,14,4,4
1,rs3128291,2,18,2,26,8,80,6,38,6,32,0,12,2,8,2,20,2,10,8,22,0,16,0,8
1,rs77602667,26,26,30,30,66,66,32,32,40,40,12,12,10,10,10,12,6,6,26,26,20,20,4,6
1,rs3107156,8,20,8,28,28,82,12,46,14,54,6,18,6,8,6,30,0,8,8,28,12,24,2,8
1,rs3128296,4,16,4,24,4,58,6,22,2,20,0,10,4,12,4,12,0,6,4,20,2,12,0,4
1,rs425277,14,16,20,24,42,54,24,32,22,28,4,6,4,6,14,14,4,8,10,10,6,8,2,2
1,rs3753242,10,14,16,16,36,40,28,32,18,20,8,8,2,2,14,16,6,10,4,4,10,12,2,2
1,rs424079,0,8,6,18,12,38,2,14,8,20,4,4,6,10,2,8,4,4,8,14,2,6,0,2
1,rs262672,18,22,24,30,64,72,24,32,32,44,12,18,4,6,14,20,8,10,18,22,18,18,4,4
1,rs262669,14,22,18,24,56,72,18,20,34,42,6,8,8,10,12,18,2,6,6,14,10,16,2,2
1,rs2257182,16,18,24,32,72,88,24,38,38,52,10,20,4,10,16,24,2,8,16,28,16,18,6,8
1,rs262666,16,16,24,24,80,80,28,28,44,44,16,16,8,8,16,16,14,14,22,22,16,16,8,8
1,rs2459984,16,24,24,30,42,56,20,30,16,24,10,18,0,8,8,12,6,10,14,22,10,12,4,6
1,rs61776606,20,20,30,30,80,80,32,32,50,50,16,18,12,12,18,18,8,8,36,36,18,18,6,6
1,rs3123592,18,20,22,22,42,42,24,24,22,22,8,8,6,6,10,12,10,10,8,12,10,14,2,2
1,rs262656,16,18,24,28,64,74,36,40,32,40,12,12,6,10,8,10,4,6,24,34,10,20,4,4
1,rs262654,10,10,18,18,36,36,10,10,20,20,6,6,8,8,10,12,4,4,6,6,8,8,4,4
1,rs262653,10,14,26,34,32,58,16,22,16,26,8,8,4,6,18,22,4,10,8,20,12,14,0,2
1,rs3052,20,22,28,32,70,78,28,32,40,42,16,16,8,8,18,24,8,8,18,22,24,24,4,4
1,rs137963487,16,16,28,28,84,84,26,26,42,42,14,14,10,10,12,12,10,10,20,20,20,20,6,6
1,rs262641,12,20,26,28,30,48,28,34,32,36,4,10,4,6,6,10,2,6,8,16,10,16,4,4
1,rs626479,12,18,30,36,62,66,28,32,26,30,8,16,6,8,8,10,6,8,14,20,6,8,6,6
1,rs882786,8,14,12,18,28,42,12,14,18,22,2,6,2,4,4,8,4,8,10,18,6,8,2,2
1,rs262688,16,24,30,38,62,72,28,38,30,40,6,10,8,10,16,22,6,10,16,22,12,18,8,8
1,rs201250599,22,22,32,32,86,86,44,44,48,48,12,12,10,10,22,22,10,10,22,22,18,18,10,10
1,snp_1_2113592,24,24,32,32,84,86,44,44,50,50,12,12,10,10,20,20,12,12,22,22,20,20,10,10
1,rs115998910,16,16,28,28,70,72,40,40,36,36,12,12,6,6,12,12,8,8,26,26,6,6,4,4
1,Affx-50016549,18,18,30,30,62,62,30,30,42,42,8,8,8,8,10,10,4,4,12,12,20,20,8,8
1,snp_1_2132460,16,16,28,28,62,62,30,30,38,38,10,10,12,12,12,12,12,12,26,26,14,14,4,4
1,rs6665593,16,16,18,18,44,56,22,24,26,30,12,14,4,6,18,18,6,8,14,18,14,14,4,4
1,rs262683,14,16,26,26,84,86,34,38,40,40,14,14,8,8,18,18,6,8,20,24,20,24,6,6
1,rs2460000,4,10,6,16,28,52,10,22,10,22,4,10,4,6,2,8,2,4,2,14,2,8,0,2
1,rs262680,8,16,8,10,22,30,14,18,20,26,2,6,2,4,0,6,0,2,4,6,6,8,2,2
1,rs263526,10,16,22,26,46,54,22,30,26,38,8,12,4,8,6,8,8,8,8,10,8,16,4,6
1,rs10910034,10,14,16,28,34,48,26,34,16,22,6,8,4,4,4,14,8,10,10,16,8,10,4,4
1,rs260513,16,24,20,38,58,102,26,36,26,48,14,24,6,8,8,24,4,8,10,20,10,16,8,10
1,rs260512,10,20,12,22,44,62,20,36,14,28,4,12,4,10,6,18,4,6,4,18,4,18,4,6
1,rs141427213,18,18,26,26,60,60,30,30,40,40,16,16,8,8,18,18,10,10,22,22,14,14,6,6
1,rs10797417,16,16,20,22,38,40,22,24,26,26,8,8,4,4,10,10,2,2,6,6,4,4,2,2
1,rs6673129,6,6,10,10,28,36,20,22,22,28,6,6,4,4,6,6,0,8,8,10,4,4,6,6
1,rs7553178,14,20,18,34,54,100,16,30,26,52,4,14,4,10,6,14,2,6,8,22,8,26,4,8
1,rs4648819,0,18,4,26,10,76,10,40,6,34,0,12,0,8,0,14,4,10,6,28,6,20,2,6
1,rs12045693,12,16,18,28,40,66,26,34,24,42,8,12,2,8,8,16,2,8,10,20,12,18,8,8
1,rs12119470,14,14,24,28,68,76,22,32,30,32,14,16,6,6,18,22,6,6,14,18,14,18,4,4
1,rs2017143,6,14,20,28,38,64,8,22,22,30,4,14,6,6,6,12,2,6,14,20,10,14,0,6
1,rs2643885,14,16,20,24,60,80,34,38,26,26,8,12,10,10,22,24,8,8,22,28,8,14,6,6
1,rs903919,4,12,10,20,4,50,2,24,10,32,0,12,0,12,0,14,0,8,0,12,0,22,0,2
1,rs884941,18,18,20,28,58,72,34,40,30,42,12,14,4,4,16,18,6,12,14,18,14,16,4,6
1,rs145120161,14,14,24,24,70,70,28,28,32,32,14,14,4,4,10,10,8,8,14,14,18,18,4,4
1,rs884940,10,14,16,32,34,60,12,30,14,32,10,14,6,8,6,10,4,10,6,20,4,12,2,4
1,rs12743493,10,14,22,26,60,72,14,24,26,34,6,10,4,10,8,14,4,6,14,24,8,12,2,2
1,rs10910050,4,12,14,24,36,52,6,20,10,30,2,6,2,8,8,10,6,6,6,14,8,12,4,6
1,rs903916,12,14,12,20,50,68,20,28,16,28,8,14,8,8,12,14,2,8,12,14,10,16,4,4
1,rs1809822,14,16,26,32,78,86,36,38,40,44,12,12,10,12,22,24,6,8,32,32,16,18,2,4
1,rs2279702,6,10,10,10,38,46,14,18,22,28,6,6,4,6,4,4,2,2,8,8,2,6,4,4
1,rs2843159,6,10,14,16,26,34,8,12,14,16,2,6,2,2,2,2,2,2,10,10,2,4,2,4
1,rs2643904,0,14,8,28,10,62,4,28,4,26,0,12,4,10,4,8,0,12,8,32,0,16,0,2
1,rs2173049,2,16,6,36,12,72,8,36,6,40,2,16,0,10,4,22,2,10,2,26,2,24,0,8
1,rs2843157,16,18,24,24,60,70,30,34,40,44,12,14,10,10,18,18,8,10,22,26,12,12,6,6
1,rs2843153,8,16,12,34,26,76,14,34,10,38,2,12,4,10,0,12,2,8,2,16,4,18,4,8
1,rs2643905,0,12,6,18,16,72,12,28,6,32,0,16,4,6,2,14,4,8,0,22,6,14,2,4
1,rs12082516,12,18,22,30,74,96,30,46,36,52,10,14,10,14,10,12,10,14,28,34,14,18,6,8
1,rs2645065,10,10,24,26,60,70,20,30,28,36,6,10,8,8,12,14,4,8,18,22,4,4,4,4
1,rs903904,12,14,18,24,56,66,16,22,36,42,10,12,8,10,6,12,8,10,16,22,8,12,4,4
1,rs2036084,12,16,22,34,68,80,20,34,38,50,8,14,6,6,20,24,6,12,22,24,14,18,6,6
1,rs2843143,20,22,28,32,72,88,30,46,34,42,12,16,8,8,18,22,6,10,26,34,14,14,6,8
1,snp_1_2270589,10,10,28,28,46,46,16,16,18,20,12,14,4,4,6,6,8,8,14,14,14,14,4,4
1,rs2132595,0,8,4,12,22,30,14,16,2,4,4,4,0,2,4,4,4,6,6,8,0,2,2,6
1,rs2055204,8,24,6,22,30,46,20,30,10,32,2,4,2,6,2,4,6,8,6,10,6,14,2,2
1,rs4648831,18,22,28,34,60,68,32,36,26,32,14,16,4,8,14,20,10,10,20,28,12,16,6,6
1,rs2840528,8,18,8,22,30,64,10,22,24,34,6,10,2,4,4,16,6,10,8,16,10,16,2,2
1,rs2840530,12,12,8,8,30,36,20,24,26,28,4,6,4,4,6,8,2,2,6,12,10,10,2,2
1,rs2840531,12,14,16,20,46,54,26,30,30,38,12,12,10,10,12,12,6,8,12,14,16,16,6,6
1,rs10159277,8,8,12,12,40,40,20,20,24,24,10,10,2,2,8,8,2,2,4,4,8,8,6,6
1,rs2645085,8,12,8,18,30,72,22,38,18,32,8,12,6,12,4,14,4,6,4,14,10,10,4,4
1,rs75627712,20,20,24,24,78,78,38,38,34,34,18,18,6,6,16,16,8,8,34,34,16,16,4,6
1,rs2645086,10,16,16,26,38,70,20,40,22,44,6,12,6,6,6,16,6,14,12,18,8,14,4,6
1,rs2645087,10,14,20,26,72,82,22,30,34,40,12,16,10,10,10,10,6,6,20,22,12,14,6,6
1,rs903914,10,12,16,26,36,60,18,42,30,36,12,12,4,6,12,20,8,10,10,12,18,20,2,4
1,rs903915,10,12,16,18,36,42,14,18,18,20,4,10,2,2,8,10,4,4,6,8,6,8,4,4
1,rs77635686,14,14,12,12,44,44,20,20,22,22,8,8,6,6,12,12,6,6,10,10,14,14,6,6
1,rs2840542,6,18,4,30,10,82,8,34,12,38,4,14,4,8,4,16,8,18,10,32,2,24,2,6
1,rs2643891,12,16,14,20,54,66,18,22,26,34,8,10,8,8,14,14,10,10,8,8,6,10,6,6
1,rs2645090,4,20,22,38,38,80,20,42,36,50,8,16,6,10,6,22,2,10,10,18,8,22,6,10
1,rs7545940,8,18,10,22,42,64,28,32,24,36,8,12,2,6,12,12,10,12,10,18,6,16,2,2
1,rs2840538,6,16,4,28,10,56,6,28,6,32,2,10,0,6,0,10,2,10,0,18,2,12,0,2
1,rs6665546,12,16,20,28,66,94,28,40,30,40,14,16,8,10,16,22,6,6,22,26,8,12,6,6
1,rs10910060,20,20,24,36,60,84,44,50,42,54,16,24,12,12,16,22,14,14,18,32,12,14,2,6
1,rs10910061,22,22,32,32,84,84,34,34,38,40,18,18,12,12,18,18,10,10,34,34,22,22,8,8
1,rs183919107,22,22,34,34,84,84,50,52,52,52,20,20,8,8,26,26,6,6,34,34,16,16,6,6
1,rs7519807,14,18,22,30,44,68,26,30,22,38,12,18,6,10,16,22,12,12,12,22,8,16,6,6
1,rs12033324,20,20,18,20,58,64,28,28,28,32,12,12,8,10,18,18,6,6,14,14,16,16,4,4
1,rs2843160,12,18,14,28,34,64,16,32,8,22,4,8,2,6,6,14,4,8,4,16,14,20,6,8
1,rs903901,18,18,20,26,64,74,36,42,42,46,18,18,8,10,16,20,10,10,26,28,18,18,8,8
1,rs2643901,2,14,2,22,8,66,2,28,4,34,0,12,2,8,4,20,2,12,0,14,2,14,0,6
1,rs2843128,16,22,8,28,40,94,20,38,40,56,10,18,6,10,12,26,4,10,20,38,6,18,2,8
1,rs2843127,14,24,18,38,58,100,20,48,26,44,10,18,4,8,10,24,0,8,18,32,14,20,4,8
1,rs2843126,6,14,12,24,36,66,12,24,18,40,10,12,2,6,6,14,2,8,8,14,8,8,2,6
1,rs16825090,16,16,34,34,80,80,44,44,44,44,14,14,14,14,20,20,10,10,24,24,20,20,6,6
1,rs4648633,4,10,20,26,20,42,20,22,14,24,10,10,4,8,10,14,6,8,6,8,6,12,2,4
1,snp_1_2325296,22,22,30,30,84,84,34,34,48,48,16,16,8,8,22,22,8,8,28,28,22,22,10,10
1,rs1123571,4,8,10,18,24,38,12,20,12,20,6,8,2,4,10,14,4,4,6,8,6,16,2,2
1,snp_1_2326032,12,12,30,30,52,54,26,26,28,28,12,12,6,6,16,16,10,10,22,22,14,14,6,6
1,rs2840532,8,16,12,28,36,72,20,42,12,40,6,18,4,8,4,12,0,6,10,24,6,14,4,4
1,rs3001336,0,18,6,30,6,72,8,38,8,44,2,14,2,10,4,24,0,10,0,22,2,16,0,4
1,rs1129333,4,12,4,28,2,44,2,22,2,22,2,12,2,6,2,16,0,4,0,14,0,12,0,2
1,Affx-50020851,18,18,28,28,56,56,22,22,30,30,10,10,8,8,8,8,6,6,16,16,14,14,2,2
1,rs2494427,4,24,2,36,2,88,2,38,6,52,0,14,0,8,0,14,2,8,0,22,2,14,0,6
1,rs2494428,4,26,2,34,10,94,6,44,6,42,2,18,0,10,6,24,2,12,2,36,0,18,0,6
1,rs2494599,2,20,2,32,16,76,6,32,6,46,2,16,2,12,0,18,2,14,2,32,0,20,0,6
1,rs6671730,6,16,18,28,50,70,18,26,26,38,6,12,8,10,12,22,10,12,22,30,6,16,4,4
1,rs2494432,2,18,8,22,6,56,6,24,6,24,6,14,0,4,2,10,6,6,2,20,6,16,0,2
1,rs11590507,14,18,26,38,60,70,20,30,28,42,8,18,8,8,10,12,0,8,14,26,12,14,2,4
1,rs12022929,12,12,12,12,62,66,20,20,20,24,8,12,6,6,4,12,4,4,10,12,12,14,2,4
1,rs4531246,10,12,18,24,48,64,18,26,28,38,6,12,4,8,10,14,4,6,10,12,10,12,2,4
1,rs4648843,14,14,24,26,46,62,26,28,30,30,8,12,6,8,12,18,6,6,14,16,8,10,4,4
1,rs4592207,8,14,14,22,54,68,16,26,20,32,8,12,8,8,12,14,6,10,16,18,4,8,4,6
1,rs6659405,6,12,8,16,28,38,22,30,20,26,10,12,6,8,10,12,0,4,16,16,6,10,4,4
1,snp_1_2387100,14,14,14,14,34,34,14,14,18,18,8,8,6,6,10,10,6,6,4,4,4,4,4,4
1,rs71630978,14,16,20,22,30,32,8,8,20,20,6,6,2,2,2,2,4,4,4,6,4,4,0,2
1,rs2477683,18,18,28,28,86,86,44,44,46,46,14,14,10,10,26,26,8,8,30,30,14,14,6,6
1,rs10910078,8,16,16,34,62,86,22,36,30,42,10,16,10,12,12,22,6,10,18,30,10,14,2,6
1,rs4648635,14,22,10,30,60,84,26,42,22,36,8,18,6,6,14,22,4,10,10,20,14,16,4,6
1,rs4648636,10,14,24,32,62,70,24,24,34,40,10,10,8,10,8,10,2,8,26,30,8,12,6,6
1,rs12040359,14,16,18,24,62,64,26,28,22,28,8,8,14,14,12,14,12,12,18,18,10,12,2,2
1,rs1998760,10,14,10,18,22,22,10,12,20,26,2,6,4,4,6,6,4,4,6,8,4,4,2,2
1,rs72845402,18,18,26,28,70,72,20,28,36,40,16,16,8,8,14,14,6,6,28,32,10,12,6,6
1,rs2494626,8,10,16,18,44,64,14,16,26,28,4,8,2,6,6,10,2,6,14,18,8,8,2,4
1,rs13376356,12,12,18,20,54,62,32,32,22,24,16,16,12,12,14,16,6,8,18,22,8,10,2,4
1,rs11588930,16,22,26,34,58,82,38,44,40,48,10,18,10,10,20,24,10,10,24,34,16,18,6,10
1,rs12049628,6,18,12,30,16,80,12,40,18,44,6,18,4,16,0,18,6,12,12,32,2,18,0,6
1,rs4995304,8,18,4,26,18,52,6,26,6,28,2,12,2,4,6,14,4,4,2,18,6,20,2,6
1,rs4648639,6,12,14,28,18,80,8,30,18,36,0,10,2,8,6,12,4,8,10,22,4,12,2,4
1,rs140711939,12,12,26,26,56,58,30,30,34,34,8,8,8,8,16,16,8,8,8,8,14,14,2,2
1,rs17373634,12,12,16,18,50,50,14,18,26,34,6,12,4,4,18,18,6,6,8,10,8,10,4,4
1,rs3762444,6,12,14,20,40,74,12,24,20,28,10,14,4,10,10,14,6,8,12,26,4,12,0,6
1,rs2477707,10,16,14,20,48,70,24,34,28,32,10,14,10,10,10,16,12,14,20,28,8,8,6,6
1,snp_1_2435142,12,12,16,16,42,44,14,16,22,22,6,6,6,6,14,14,4,4,12,14,4,4,4,4
1,rs1107685,12,16,22,28,60,90,10,26,28,34,6,10,8,8,12,14,6,8,20,26,14,16,2,2
1,rs190432334,18,18,26,26,82,82,32,32,34,34,16,16,8,8,18,18,14,14,24,24,16,16,8,8
1,rs7535528,12,16,14,28,44,78,18,30,24,42,16,18,2,6,10,20,6,10,20,24,4,12,6,8
1,rs2236395,18,20,22,30,50,86,18,40,40,48,14,18,10,10,12,16,4,8,24,30,12,16,6,8
1,rs3791182,16,20,26,32,70,86,18,32,32,38,10,16,10,10,14,18,4,8,18,26,14,14,8,10
1,rs2246732,14,16,14,20,40,66,18,30,28,30,6,8,6,6,8,12,4,10,10,10,14,14,6,6
1,rs12073504,16,16,24,24,58,60,24,24,32,32,12,12,8,8,16,16,4,4,18,18,14,14,4,4
1,rs12131236,16,16,32,32,70,70,34,34,48,48,14,14,12,12,20,20,10,10,18,18,16,16,8,10
1,rs3122922,2,14,0,22,2,44,2,20,2,22,2,10,0,4,4,8,0,4,6,14,0,14,0,2
1,rs2494606,0,12,4,20,12,56,6,30,12,38,4,16,2,10,4,12,2,8,4,14,0,10,0,2
1,snp_1_2482917,20,20,30,34,84,84,38,42,42,42,14,16,8,8,16,16,8,8,24,24,20,22,6,6
1,rs4870,10,16,14,26,48,80,32,38,24,46,8,14,10,14,12,24,6,10,12,26,14,16,4,4
1,rs1886730,6,12,10,20,30,60,18,24,12,24,4,10,4,8,4,12,4,6,4,16,4,8,0,2
1,snp_1_2489248,12,12,20,20,66,66,22,22,26,28,12,12,8,10,16,16,8,10,16,16,12,12,4,4
1,rs2281852,20,20,12,24,32,72,24,28,26,36,6,14,4,8,12,18,4,6,10,18,8,16,2,6
1,snp_1_2493609,12,12,18,18,42,42,26,26,18,18,4,4,4,4,6,6,2,2,14,14,10,10,2,2
1,snp_1_2494328,20,20,24,24,74,74,30,30,44,44,12,12,8,8,20,20,10,10,24,24,14,14,8,8
1,rs2234167,14,20,20,24,60,72,28,32,40,44,12,12,6,8,16,20,10,10,18,24,14,14,8,8
1,rs7550231,8,16,20,28,40,84,30,46,24,44,8,18,2,6,14,22,8,12,8,28,8,16,6,6
1,rs10797432,4,8,8,20,26,44,12,20,14,24,4,14,8,10,4,10,2,4,2,14,4,8,0,4
1,rs6667605,14,20,18,30,40,78,24,42,26,44,10,18,4,8,14,28,8,14,8,24,10,18,2,6
1,rs111857410,20,20,24,24,68,68,28,28,40,40,14,14,8,10,12,12,8,8,12,12,20,20,2,4
1,rs10752745,16,18,16,30,30,60,18,30,22,36,10,14,4,10,8,14,4,8,16,24,10,16,2,4
1,rs734999,22,22,16,24,44,86,30,44,24,44,10,16,8,10,18,22,8,8,14,26,14,20,2,4
1,snp_1_2521211,16,16,24,24,66,70,32,32,28,28,10,10,8,8,12,12,12,14,22,22,16,16,2,2
1,rs2764845,4,18,14,28,24,74,8,28,6,38,4,12,0,8,6,16,0,8,12,32,2,16,0,4
1,rs2764841,0,22,6,14,16,78,12,34,12,44,6,16,2,6,4,10,0,10,8,24,2,14,0,4
1,rs6424092,0,10,4,14,12,38,2,12,8,20,0,10,0,4,2,6,0,12,2,10,0,8,0,4
1,rs10910098,16,18,24,36,58,94,32,42,24,42,4,14,8,8,18,28,14,18,16,30,16,20,6,6
1,rs12138909,20,20,22,28,76,88,40,40,32,38,16,20,8,8,16,18,8,8,18,26,18,18,8,8
1,rs141862169,20,20,18,18,36,38,24,24,20,22,8,8,8,8,14,14,4,4,8,8,12,12,4,4
1,Affx-50025378,18,18,36,36,68,70,34,34,40,42,12,14,14,14,22,22,14,14,22,22,20,20,8,8
1,rs11590198,16,18,32,38,60,80,28,34,32,42,4,18,8,8,20,26,8,8,22,28,14,16,6,6
1,rs3890745,22,24,24,32,68,84,28,38,26,38,14,18,12,12,10,18,8,10,22,30,14,16,6,8
1,Affx-50025383,18,18,22,22,62,62,28,28,30,30,14,14,6,6,10,10,14,14,12,12,12,12,6,6
1,rs7368072,12,12,20,30,38,60,26,30,14,34,10,14,8,8,10,22,10,12,20,24,10,12,4,4
1,rs138684603,12,12,18,18,70,70,22,22,34,34,8,8,8,8,14,14,6,6,10,10,20,20,2,2
1,rs139608651,18,18,42,42,80,80,36,36,42,42,12,12,8,8,12,12,10,10,34,34,20,20,10,10
1,rs6424062,8,22,12,28,40,92,14,34,16,36,4,12,4,12,8,22,4,12,18,30,8,18,4,6
1,rs4648356,22,24,22,30,32,52,22,32,18,34,2,8,6,6,14,18,10,10,10,22,10,12,6,6
1,rs57033097,20,20,30,30,88,88,34,34,38,38,10,10,10,10,18,18,8,8,26,26,10,10,6,6
1,rs57136100,22,22,26,26,62,62,36,36,46,46,16,16,14,14,18,18,8,8,24,24,14,14,6,6
1,rs2377041,8,22,14,30,32,76,14,40,22,48,10,14,4,8,12,20,2,10,24,26,10,22,0,4
1,rs10909880,2,18,12,36,38,84,10,30,16,38,6,14,0,8,10,20,2,8,20,28,4,16,6,8
1,rs60513129,14,14,22,22,56,56,24,24,26,26,8,8,6,8,14,14,8,8,18,18,12,12,2,2
1,Affx-50026923,20,22,36,36,90,90,40,40,48,48,14,14,10,10,14,14,12,12,32,32,20,20,4,4
1,rs10909894,24,24,28,28,94,94,34,34,46,46,20,20,8,8,24,24,16,16,24,24,20,20,6,6
1,rs12071313,14,14,26,26,80,80,30,30,38,38,14,14,8,8,16,16,8,8,22,22,16,16,8,8
1,rs4609377,12,22,18,36,34,80,18,36,18,34,8,16,8,8,4,12,8,14,12,28,12,20,4,6
1,rs4648481,0,10,12,28,20,62,12,26,10,32,4,10,2,10,6,16,6,12,12,26,12,22,0,4
1,rs4648482,18,22,22,30,58,74,18,36,24,38,8,12,4,10,10,16,4,8,20,24,12,14,4,6
1,rs115753861,18,18,32,32,92,92,44,44,44,44,14,14,10,10,22,22,8,8,24,24,20,20,6,6
1,rs6680471,2,14,12,26,24,72,10,30,12,38,8,16,0,8,14,16,0,12,20,26,12,18,0,4
1,rs4648384,6,24,4,28,26,66,14,32,22,42,4,14,0,8,10,16,4,8,12,18,14,24,2,6
1,rs1456460,6,22,14,30,42,66,18,28,14,34,4,10,0,8,8,14,2,10,12,22,8,12,4,6
1,rs10752737,0,16,0,34,0,80,0,30,0,40,0,18,0,10,0,20,0,8,0,32,0,24,0,8
1,rs12409348,12,16,14,30,32,54,12,24,18,26,6,12,4,4,10,22,8,10,4,8,6,12,2,4
1,rs6683974,14,14,26,28,64,64,32,32,40,40,16,16,8,10,12,12,6,6,22,22,18,18,4,4
1,rs897615,14,18,20,32,42,70,18,28,22,46,6,10,6,6,12,24,10,10,10,18,10,14,10,10
1,rs56273341,4,18,16,28,28,78,10,34,18,38,6,10,0,10,10,18,4,10,22,34,6,20,2,4
1,rs10910019,8,14,10,18,32,54,14,24,10,28,6,14,6,8,2,10,4,8,2,10,6,8,0,2
1,rs16823103,24,26,20,20,58,58,26,26,30,30,8,8,6,6,6,6,6,6,10,10,12,12,4,4
1,rs10752722,0,22,0,26,2,76,0,36,0,36,0,12,0,8,0,16,0,8,0,26,0,12,0,6
1,rs10797342,10,18,8,26,22,52,14,24,10,30,8,10,4,6,4,12,6,8,12,22,8,10,0,2
1,rs2045333,14,14,24,32,76,84,28,28,26,36,18,18,10,10,14,18,12,12,22,22,10,12,4,4
1,rs3100865,14,16,14,26,30,58,10,16,20,34,14,18,4,8,4,8,4,4,10,16,12,16,2,2
1,rs1456465,20,20,20,22,64,70,16,28,32,36,14,16,6,6,20,22,10,12,14,16,14,14,8,8
1,rs72853303,20,20,30,30,94,94,38,38,48,48,12,12,8,8,20,20,10,10,28,28,16,16,10,10
1,rs72853305,14,16,28,28,68,70,28,28,32,34,12,12,10,10,16,16,8,8,18,18,12,12,6,6
1,rs145004114,20,20,40,40,74,74,32,32,46,46,14,14,10,10,20,20,12,12,28,28,20,20,8,8
1,rs2606406,4,4,12,18,38,40,16,22,14,14,6,6,0,2,4,4,4,6,8,12,12,12,2,2
1,rs750786,10,10,12,14,44,48,18,20,16,18,6,8,6,8,8,12,4,4,8,12,6,8,4,4
1,rs12035436,8,14,20,22,22,46,10,18,16,32,4,4,6,8,4,14,4,6,6,12,10,12,2,2
1,rs880725,14,16,20,26,62,84,16,20,34,38,8,12,6,8,16,18,8,12,22,28,12,14,6,6
1,rs880724,14,16,20,24,44,68,26,34,24,34,8,12,4,10,8,14,8,8,18,24,6,14,6,6
1,rs1869970,10,14,20,22,46,62,28,38,32,38,12,16,10,10,4,10,6,6,14,16,10,16,8,10
1,Affx-50028654,20,20,26,26,72,76,34,34,38,38,12,12,8,8,22,22,10,10,18,18,16,16,4,4
1,rs897634,14,22,26,38,52,80,26,34,32,42,14,22,6,8,24,26,12,12,16,26,18,22,10,10
1,rs10797362,14,14,32,34,56,70,28,36,30,36,14,14,2,4,14,18,4,4,10,18,12,12,2,2
1,rs111890927,14,14,18,18,62,62,16,16,34,36,10,10,10,10,10,10,6,6,12,12,8,8,4,4
1,rs2045331,16,20,16,26,66,84,28,30,28,48,10,14,10,12,10,22,10,12,18,22,14,18,8,8
1,rs2045332,16,18,10,12,28,32,8,12,20,26,8,10,6,8,6,14,6,6,12,12,6,8,4,4
1,rs4648437,22,26,30,40,64,78,36,42,40,42,12,14,10,12,12,20,6,10,16,24,10,10,6,6
1,rs10752731,16,16,14,22,70,82,26,32,30,38,12,18,8,10,8,18,8,12,24,30,12,14,8,8
1,rs2606411,12,20,18,28,40,66,22,30,16,34,12,18,10,12,10,20,8,12,12,16,12,16,6,6
1,rs12403214,18,20,26,32,66,78,36,42,36,46,12,16,4,8,14,22,6,10,30,38,14,14,2,6
1,rs4648441,6,6,8,14,12,20,12,12,8,10,6,6,2,6,2,6,2,2,8,8,4,4,4,4
1,rs1473386,18,18,8,18,42,62,28,32,26,34,8,10,6,10,26,28,6,8,24,34,14,16,4,6
1,rs10797368,20,20,30,30,80,82,38,38,32,34,16,16,8,8,24,24,8,10,16,18,14,14,4,6
1,rs12030820,18,20,14,24,20,36,20,24,20,26,10,14,2,6,8,12,6,8,4,6,10,12,2,4
1,rs16823228,14,18,14,32,54,66,22,26,18,32,12,14,4,8,10,14,10,10,20,24,18,20,2,2
1,rs79561271,22,22,18,24,78,82,40,46,36,40,18,18,10,10,20,22,10,10,20,24,16,18,4,6
1,rs2842909,12,18,20,26,68,86,38,40,30,42,16,18,8,8,8,10,8,8,18,20,12,18,6,6
1,rs2925499,10,16,16,32,54,94,22,38,22,40,10,16,4,8,12,12,10,12,22,28,10,22,4,6
1,rs3947964,8,12,12,18,48,54,22,30,8,18,10,12,4,6,2,8,4,6,16,16,8,10,2,2
1,rs7541664,20,20,30,30,70,70,28,28,36,36,12,12,8,8,20,20,8,8,14,16,12,12,2,2
1,rs111432807,18,18,32,32,86,86,52,52,38,38,14,14,8,8,18,18,8,8,22,22,22,22,10,10
1,rs2842906,12,14,16,28,42,54,22,24,20,32,12,12,4,4,12,16,4,8,14,18,12,14,4,4
1,rs2606418,18,18,22,34,46,70,16,30,20,32,10,12,6,8,14,20,4,6,28,32,14,18,4,4
1,rs10909845,0,24,14,34,20,86,8,44,8,48,0,18,2,10,8,22,2,14,8,36,4,18,2,8
1,rs2485949,20,20,30,30,90,90,34,34,40,40,14,14,10,10,18,18,6,6,24,26,20,20,6,6
1,rs2495271,22,22,38,38,98,100,36,38,44,44,18,18,10,10,26,26,12,12,26,26,26,26,4,4
1,rs11583804,8,20,12,28,48,66,10,28,20,34,4,12,2,8,6,12,6,10,10,20,6,20,4,6
1,rs878201,8,12,18,28,44,68,28,34,24,44,8,14,8,12,14,18,6,6,18,22,8,16,6,10
1,rs2485944,10,10,16,16,46,50,18,22,22,30,6,8,4,6,8,8,6,8,8,12,16,16,2,4
1,rs2485945,16,16,28,28,76,82,26,30,28,38,14,14,4,6,16,16,8,8,18,22,12,12,4,6
1,rs12752801,12,22,26,36,62,82,28,40,38,44,6,12,8,10,20,26,8,10,20,32,22,24,8,8
1,rs12044030,8,20,2,26,12,74,14,38,4,38,4,14,4,8,0,18,2,12,8,20,8,14,0,6
1,rs12046158,4,22,6,22,28,68,6,34,12,46,4,8,4,10,4,14,2,8,8,26,6,18,0,2
1,rs56877975,16,16,24,30,70,78,32,32,38,40,10,10,8,10,14,14,6,8,20,24,14,16,2,4
1,rs7533362,8,18,6,20,12,48,6,24,4,28,2,10,2,6,6,18,2,8,0,16,2,12,0,4
1,rs6688998,22,22,16,16,60,60,28,28,38,38,10,10,6,6,14,14,10,10,12,12,14,14,4,4
1,rs6681741,12,16,28,28,62,78,32,36,32,40,14,16,10,10,16,16,8,8,28,32,16,16,4,6
1,rs1572657,2,18,10,38,20,80,10,38,2,50,2,16,2,14,2,16,2,14,6,22,10,22,2,6
1,rs16823303,8,8,10,10,26,30,16,22,8,10,4,6,6,6,10,10,8,8,6,6,4,4,0,2
1,rs11807605,22,24,38,38,68,68,32,32,34,34,14,14,8,8,12,12,6,6,24,24,14,14,8,8
1,rs10797373,4,16,4,28,20,56,6,26,4,30,6,12,2,8,8,26,0,6,6,22,6,14,2,4
1,rs10909852,12,14,24,26,52,60,24,26,26,32,10,14,10,10,12,12,6,8,10,14,12,12,4,4
1,rs4489496,22,22,28,28,76,76,30,30,40,40,18,18,10,10,12,12,12,12,26,28,14,14,10,10
1,rs112481403,16,16,24,24,90,90,44,44,36,36,16,16,8,8,20,20,12,12,32,32,16,16,6,6
1,rs12046411,20,20,24,28,62,70,12,16,30,34,12,14,10,10,12,14,8,10,18,20,18,18,6,6
1,rs6424065,20,20,34,34,78,78,30,30,48,48,12,12,8,8,12,12,10,10,24,24,20,20,12,12
1,rs6424066,20,20,26,26,82,82,30,30,34,34,14,14,8,8,20,20,6,6,32,34,22,22,8,8
1,rs12022429,14,14,20,24,74,90,26,42,34,36,12,14,10,10,22,22,8,8,16,20,18,18,4,4
1,rs6683516,22,22,28,28,76,76,36,36,46,46,14,14,10,10,18,18,8,8,22,22,20,20,6,6
1,rs12562637,6,6,26,26,58,58,26,26,32,32,10,10,6,6,14,14,4,4,12,12,16,16,6,6
1,rs2027262,18,20,28,28,88,92,28,38,38,40,12,14,10,10,28,30,8,8,26,26,16,18,4,6
1,rs6685625,20,22,30,30,80,84,32,34,34,36,12,16,6,8,22,22,10,10,24,28,16,18,12,12
1,rs7534897,18,22,20,28,68,84,18,24,32,38,12,16,8,10,18,22,10,12,20,28,14,22,6,6
1,rs56091202,10,12,28,36,70,84,26,38,34,42,10,12,10,10,20,24,12,14,20,26,12,16,4,4
1,rs10492936,18,18,30,30,78,78,30,30,48,48,12,12,12,12,18,18,8,8,30,34,16,16,6,8
1,rs16823374,16,16,22,22,38,38,26,26,16,16,8,8,4,4,2,2,2,2,2,2,10,10,2,2
1,rs3795263,16,20,14,34,40,62,18,24,26,46,6,8,8,12,2,10,4,10,12,20,10,16,4,6
1,rs7412983,14,16,24,26,44,54,18,26,24,28,2,6,4,4,6,10,4,4,20,22,14,14,8,8
1,rs2142569,8,18,16,34,32,80,24,30,14,34,4,12,6,8,8,16,8,12,20,26,4,20,4,6
1,rs10489589,14,20,28,32,62,70,22,34,34,38,6,8,12,12,16,18,8,10,20,26,14,20,4,8
1,rs10489588,16,18,24,26,50,66,18,28,30,38,6,12,6,6,8,10,6,8,16,18,10,12,6,6
1,snp_1_2954434,14,14,24,24,70,70,20,20,32,32,14,14,6,6,12,12,10,10,28,28,14,14,4,4
1,rs72630906,16,22,34,36,74,90,32,44,34,38,14,22,14,14,24,26,10,12,30,32,24,28,4,6
1,rs72856459,22,22,28,28,58,58,28,32,34,36,8,8,8,8,16,16,8,8,12,12,14,14,6,6
1,rs2993480,10,14,26,28,58,68,26,34,40,50,6,10,8,8,16,20,6,10,20,22,6,8,2,4
1,rs2376821,14,22,22,30,30,66,6,32,22,40,6,10,4,8,12,22,4,12,10,22,6,20,2,8
1,rs59243365,12,12,20,20,52,52,18,20,28,28,10,10,8,8,4,4,6,8,12,12,8,8,4,4
1,rs2297828,10,20,8,26,26,52,22,28,14,38,8,10,4,6,6,12,4,8,12,16,8,14,4,4
1,rs2297829,10,14,16,24,48,64,20,38,34,42,8,12,6,8,10,12,6,10,4,12,4,10,6,6
1,rs146560700,14,14,20,20,58,58,20,20,36,36,18,18,8,8,12,12,10,10,22,22,10,10,2,2
1,rs2993486,2,14,0,28,6,72,8,38,6,42,2,16,0,10,4,16,2,8,6,28,4,16,2,8
1,rs2742689,18,22,20,30,58,74,34,46,36,42,16,20,6,8,20,20,6,8,22,30,18,20,6,8
1,rs1569419,8,22,8,26,2,60,6,20,8,40,2,6,6,10,2,10,4,12,6,20,10,16,2,6
1,rs115905994,12,12,20,20,50,54,24,24,32,32,8,8,4,4,12,12,2,2,4,4,16,16,4,4
1,rs2981882,12,22,12,28,38,72,14,36,26,48,8,16,8,8,12,20,4,6,22,34,10,14,6,8
1,rs2981880,8,18,6,24,32,62,20,26,14,34,6,12,4,6,6,10,4,8,8,20,4,6,0,4
1,rs926246,12,12,20,24,38,52,20,24,26,26,8,10,4,8,10,12,6,6,14,16,12,12,6,6
1,rs926244,10,22,12,30,38,80,22,40,26,52,14,22,8,12,8,16,6,10,8,18,14,18,4,6
1,rs2817165,12,12,16,24,42,58,14,26,34,44,4,10,4,4,14,14,4,10,14,20,8,16,4,4
1,rs7543737,8,20,20,22,48,62,16,20,30,32,12,14,6,8,12,14,6,8,12,16,8,8,8,8
1,rs2981873,12,20,4,18,18,36,6,16,10,16,6,10,2,6,4,6,6,6,8,10,2,6,2,2
1,rs2817168,8,12,14,18,32,50,14,24,28,34,10,14,4,6,2,6,0,2,4,14,4,14,4,6
1,rs2993493,10,10,14,20,50,60,12,16,26,36,12,12,6,6,8,10,8,8,18,18,6,8,2,4
1,rs34386758,12,16,18,36,44,70,18,40,24,34,2,14,2,6,12,18,6,8,10,18,2,14,2,2
1,rs2993500,18,22,20,34,48,86,24,46,34,50,12,14,6,10,12,26,8,12,16,30,14,22,4,8
1,rs4648453,10,12,14,14,36,36,8,8,10,10,6,6,2,2,8,8,4,4,10,12,4,4,2,2
1,rs876740,10,12,16,20,50,60,16,26,36,44,6,14,2,10,4,8,6,8,10,22,4,8,2,2
1,rs2817174,8,18,20,30,38,60,18,26,30,36,6,8,2,8,8,16,0,4,8,18,8,14,2,4
1,rs2817178,16,18,12,18,20,46,6,22,20,28,8,10,0,6,10,14,4,6,6,12,4,10,6,6
1,rs2817179,14,16,8,10,18,26,18,22,14,20,6,8,0,2,2,4,4,4,8,8,4,4,4,4
1,rs35360783,14,22,30,32,60,82,28,38,34,38,8,10,8,10,16,18,6,6,20,22,8,12,2,4
1,rs12024620,12,14,22,22,52,54,18,20,28,28,8,12,4,6,16,16,4,4,10,10,6,6,6,6
1,rs12022170,14,16,26,26,60,64,34,36,36,38,12,12,6,10,22,22,12,12,18,22,14,18,6,6
1,rs10909883,14,20,34,34,82,86,30,30,40,44,12,16,4,10,14,16,6,10,30,34,20,22,6,8
1,rs2235176,14,18,24,28,50,80,20,36,38,52,12,16,4,8,14,16,6,10,18,28,10,12,6,8
1,rs10797380,8,8,18,26,42,62,14,26,18,26,6,12,2,6,8,10,4,8,12,16,6,10,2,4
1,rs2651909,12,12,14,14,28,28,14,14,8,8,10,10,2,2,12,12,4,4,4,4,2,2,2,2
1,rs2817185,18,24,16,20,66,78,16,28,26,30,8,10,8,8,14,20,6,8,12,14,2,16,2,6
1,rs11487244,16,16,36,36,88,88,44,44,50,50,16,16,8,10,16,18,14,14,20,20,22,22,4,4
1,rs731031,10,14,18,22,42,52,22,30,22,22,12,12,6,8,16,18,10,10,6,10,10,12,0,2
1,rs2651902,18,18,24,30,76,90,28,36,44,48,12,12,8,8,14,22,8,10,26,26,16,20,4,6
1,rs2651936,2,20,0,36,4,82,8,42,6,44,2,16,4,10,4,24,2,12,2,30,6,24,0,6
1,rs36020329,16,16,24,26,76,76,30,32,40,40,18,18,12,12,22,24,8,8,22,22,22,22,8,8
1,rs72846841,18,20,26,30,100,104,46,52,44,48,18,20,8,8,20,20,8,10,30,32,20,20,8,10
1,rs868718,8,14,20,20,16,66,20,38,6,32,2,8,2,6,6,14,4,10,10,24,4,10,6,8
1,rs2817134,2,18,0,26,6,68,4,28,6,40,0,12,0,10,2,16,2,14,0,14,4,18,0,4
1,rs2651929,14,16,4,14,28,38,12,18,20,24,6,6,4,4,2,8,6,8,6,8,4,4,0,2
1,rs2651927,10,18,18,26,64,76,24,30,22,28,12,12,2,6,6,8,6,10,18,20,16,20,0,2
1,rs12135062,12,16,24,28,62,80,20,30,18,32,8,14,4,10,14,20,2,10,22,28,12,16,4,4
1,rs10752733,0,18,6,32,4,84,4,34,2,50,0,14,2,12,2,16,0,8,6,32,4,20,0,6
1,rs75872291,20,20,28,28,62,62,26,26,32,32,16,16,6,6,18,18,4,4,16,16,10,10,8,8
1,rs2651916,0,12,0,14,0,54,0,16,2,24,0,8,0,8,2,12,0,10,0,16,0,10,0,2
1,rs10737190,0,18,0,30,0,86,4,36,0,46,2,14,0,6,2,18,0,10,2,22,0,20,2,8
1,rs7539775,6,22,8,26,14,68,8,24,6,34,2,12,6,8,4,18,2,8,4,18,2,14,0,6
1,rs10909895,12,14,16,20,54,58,12,14,16,28,8,10,8,8,8,10,8,10,8,12,8,10,4,6
1,rs16823459,18,18,28,28,64,64,32,32,30,30,16,16,10,10,18,18,10,10,14,14,12,12,4,4
1,rs4648368,16,18,14,18,58,64,22,24,18,20,8,10,6,6,10,14,4,4,12,14,8,10,0,2
1,rs12028814,12,16,20,22,42,58,20,22,26,28,16,18,8,8,4,8,10,10,10,14,10,12,4,6
1,rs10492941,16,18,24,30,64,72,34,38,38,44,14,14,6,8,24,26,14,14,28,28,14,16,6,6
1,rs12072073,16,18,12,20,40,58,20,24,34,40,8,10,6,8,8,10,8,8,6,8,8,10,4,6
1,rs10909901,12,18,28,36,68,74,26,38,24,30,8,14,8,8,10,18,8,10,12,16,12,18,6,8
1,rs16823514,12,12,30,30,58,58,30,30,34,34,14,14,10,10,12,12,6,6,8,8,16,16,2,2
1,rs2817146,14,18,30,32,82,86,34,36,36,38,10,12,12,12,16,22,6,6,18,20,20,24,4,8
1,rs1875448,4,6,10,16,28,42,18,20,18,24,8,12,6,6,6,8,4,4,4,10,4,8,2,4
1,rs12124147,14,16,12,18,34,52,20,28,24,32,10,10,4,6,10,18,4,10,8,10,6,6,2,2
1,rs2651906,14,14,34,34,60,60,34,34,28,28,12,12,6,6,14,14,10,10,24,24,18,18,8,8
1,rs2651903,28,28,40,40,78,78,42,42,36,36,16,16,8,8,22,22,8,10,26,26,12,12,4,4
1,rs145429325,18,18,22,22,76,80,32,32,48,48,16,16,12,12,18,18,10,10,28,28,10,12,8,8
1,rs2817147,10,18,22,28,46,64,20,24,30,38,10,12,6,6,14,22,4,6,20,24,6,12,4,4
1,rs1112213,16,18,22,24,72,74,36,36,46,46,14,14,6,8,16,18,6,6,24,24,12,12,6,6
1,rs2651895,18,18,28,28,72,72,34,34,38,38,12,12,10,10,18,18,14,14,20,20,18,18,4,4
1,rs2817148,20,20,30,30,82,82,38,38,42,42,16,16,10,10,20,20,14,14,30,30,18,18,6,6
1,rs2651891,12,12,12,14,52,52,18,22,32,32,6,6,6,6,12,12,4,4,12,12,16,16,2,2
1,rs11804075,16,16,22,22,40,40,24,24,18,18,12,12,6,6,14,14,8,8,14,14,8,8,2,2
1,rs2651890,16,18,22,30,60,84,24,36,32,50,10,16,10,10,18,22,8,10,20,24,10,20,6,8
1,rs16823542,18,22,30,34,78,92,36,44,44,52,10,12,12,12,22,24,10,10,18,22,16,20,6,6
1,rs16823548,12,14,20,20,50,52,14,14,34,34,12,12,6,6,16,16,10,10,12,12,8,8,6,6
1,rs10909903,10,14,20,22,54,66,24,30,32,36,14,16,6,8,22,22,10,12,22,24,6,6,4,4
1,rs1553288,10,12,22,24,72,80,20,22,22,26,10,10,8,8,16,16,10,10,16,20,8,12,6,6
1,rs7516069,18,20,32,36,72,84,36,44,46,50,16,16,10,10,20,20,8,10,38,42,12,16,10,10
1,rs72848037,16,16,20,20,46,46,26,26,20,20,8,8,6,6,16,16,8,8,10,10,6,6,4,4
1,rs10909907,18,18,26,30,60,62,24,26,32,32,4,8,2,2,12,14,2,6,10,16,4,8,4,4
1,rs2500252,22,22,30,32,72,84,32,34,44,46,16,18,8,10,18,20,12,14,22,22,20,20,2,4
1,rs72632109,20,22,20,22,64,66,26,28,38,38,14,14,10,10,12,12,8,10,24,26,22,22,4,4
1,rs2455118,16,20,26,34,68,80,30,36,30,36,14,18,12,12,22,24,6,12,20,32,18,22,6,6
1,rs10797386,2,14,0,20,0,56,6,34,2,28,0,16,4,8,0,16,0,12,0,20,2,18,2,6
1,rs4648464,10,14,14,28,38,72,22,38,14,32,6,14,8,10,10,18,2,10,14,24,6,14,10,10
1,rs17398063,10,22,14,22,40,66,24,28,34,38,6,10,8,8,12,14,4,6,14,18,8,10,4,6
1,rs3002685,20,20,34,36,76,92,34,40,38,42,8,16,8,10,18,20,8,10,20,30,12,18,4,8
1,rs3002686,20,22,34,36,74,82,40,44,36,40,10,14,8,10,14,18,8,10,16,18,20,22,2,6
1,rs2455107,12,12,20,24,58,64,22,24,32,38,6,10,8,10,18,18,12,12,12,18,8,14,6,8
1,rs2455102,18,20,34,34,76,92,34,44,40,48,8,16,6,8,22,28,6,8,20,28,18,22,0,4
1,rs2455099,16,16,30,36,70,76,32,34,40,40,10,12,6,8,20,26,8,12,16,18,16,18,4,6
1,rs74638769,12,12,24,24,66,66,36,36,44,44,10,10,8,10,16,16,8,8,14,14,16,16,2,2
1,rs2455119,12,12,26,28,40,52,26,32,30,36,12,16,6,8,12,20,10,12,8,10,18,20,6,6
1,rs2455122,16,16,22,24,78,86,32,36,36,38,12,16,8,8,14,16,4,8,26,34,16,22,6,8
1,rs2455124,16,18,26,26,82,92,34,42,44,52,16,18,8,10,18,20,10,10,30,36,18,20,4,6
1,rs2455125,12,12,10,10,30,34,14,14,14,16,6,8,2,2,4,4,0,2,8,10,6,8,0,4
1,rs12760258,18,18,24,24,80,86,24,26,40,40,14,16,6,8,12,16,6,8,16,18,8,16,4,4
1,rs10492940,20,24,32,32,80,92,40,44,38,44,12,16,10,10,16,16,10,12,24,30,22,22,4,6
1,rs16823802,14,16,32,34,76,82,36,40,32,42,18,20,8,8,18,20,10,10,22,24,20,20,2,2
1,rs12562988,12,14,18,18,54,54,16,16,26,26,10,10,4,4,8,10,10,10,8,8,4,4,2,2
1,rs13374621,12,12,18,18,58,58,24,24,26,26,8,8,6,6,12,12,12,12,12,12,10,10,2,2
1,rs12068687,22,22,26,26,80,80,36,38,42,42,20,20,8,8,18,18,14,14,28,30,14,14,4,4
1,snp_1_3203137,16,18,28,30,78,82,36,38,38,46,20,20,10,10,16,18,12,12,28,30,20,20,6,6
1,rs2500297,10,14,36,38,80,80,30,38,42,42,18,20,8,8,16,16,10,12,22,26,16,16,2,6
1,rs10909918,6,12,10,24,38,62,18,30,16,32,6,12,4,8,8,10,6,8,10,22,2,16,4,6
1,rs12757342,10,10,16,18,72,74,38,38,32,34,12,12,10,10,12,12,6,8,22,22,16,18,6,6
1,rs1553291,4,18,10,38,38,86,20,38,10,36,4,16,2,8,6,16,2,12,12,34,8,24,4,8
1,rs4648468,2,20,8,30,28,70,8,34,10,32,0,24,0,8,4,14,4,8,6,20,2,18,0,10
1,rs4648377,6,20,6,26,30,94,12,34,10,46,2,16,2,10,6,24,4,10,2,30,4,20,2,4
1,rs2455144,10,20,8,28,38,76,14,30,30,44,4,16,6,14,10,22,4,8,4,22,12,18,2,6
1,rs112584374,14,14,12,12,52,52,24,24,26,26,10,10,6,6,2,2,4,4,6,6,8,8,2,2
1,rs2500284,10,18,10,36,48,88,24,40,22,48,2,12,8,12,12,26,6,10,18,26,10,14,6,8
1,rs34966839,20,20,28,28,68,68,30,32,36,36,14,14,10,10,14,14,8,8,26,26,16,16,4,6
1,rs2455135,6,18,10,42,28,90,10,36,12,54,0,12,2,10,8,24,4,8,4,30,4,18,2,8
1,rs6670328,16,18,30,34,62,74,24,30,20,32,6,10,8,10,6,10,8,10,16,18,16,18,6,6
1,rs7534363,20,20,32,32,102,102,40,40,38,38,12,14,8,8,18,18,8,8,30,30,10,10,6,6
1,rs11808276,18,18,32,32,70,70,32,32,46,46,12,12,8,8,18,18,8,8,26,26,16,16,8,8
1,rs57100114,10,10,26,26,68,68,32,32,36,36,8,8,6,6,18,18,10,10,24,24,14,14,4,4
1,rs59525574,26,26,24,24,76,76,34,34,30,32,10,10,10,10,20,20,8,8,26,26,16,16,6,6
1,rs2500278,6,18,4,22,38,76,12,24,22,44,4,12,0,8,8,20,4,8,10,16,8,16,4,4
1,rs2483260,12,22,22,34,52,104,34,48,26,46,18,20,6,12,18,24,8,10,22,34,18,22,8,10
1,rs74048225,16,16,16,16,40,42,14,16,18,20,4,6,8,8,2,4,6,6,8,8,6,6,2,2
1,rs12409345,14,18,24,28,78,92,26,34,38,52,18,20,10,10,12,14,12,14,22,30,18,18,8,8
1,rs12743017,20,20,26,26,84,86,34,34,42,44,12,12,10,10,12,14,10,10,26,30,14,16,2,2
1,rs12409315,22,22,22,22,72,74,32,32,38,40,10,12,6,6,20,20,8,8,22,24,12,14,6,6
1,rs16824089,12,14,22,24,44,50,26,26,14,18,12,12,4,6,10,12,10,10,14,18,10,10,2,2
1,rs2500277,14,18,30,36,54,84,22,34,24,42,14,16,6,8,12,16,4,8,20,26,16,22,2,4
1,snp_1_3234808,12,12,20,20,38,38,18,18,22,22,8,8,6,6,6,6,4,4,10,10,8,8,4,4
1,rs2483266,18,20,16,28,62,90,26,48,28,40,8,10,8,8,20,22,8,14,26,34,16,24,2,6
1,rs1108600,16,20,18,24,48,68,34,34,38,50,12,14,8,8,10,12,4,8,18,22,12,14,4,6
1,rs2500271,8,12,12,20,44,72,20,34,32,46,8,12,4,10,8,14,4,8,20,26,10,12,2,4
1,rs10909930,12,14,16,20,44,58,24,32,32,38,10,12,12,12,14,18,12,12,8,14,14,16,4,6
1,rs11577229,4,8,6,14,10,16,6,14,8,12,6,6,2,2,2,4,0,4,2,6,0,2,2,2
1,rs2483274,10,16,24,28,42,82,20,42,26,48,8,18,2,10,12,20,4,6,16,32,12,28,4,4
1,rs2483275,14,22,26,38,54,94,34,44,34,44,16,20,6,10,20,24,4,8,24,32,12,20,8,8
1,rs12058584,14,16,24,26,70,74,36,40,42,44,10,12,6,8,16,18,10,10,20,28,10,14,4,6
1,rs1110307,16,18,22,24,70,70,22,26,34,34,14,14,8,8,12,14,8,8,16,20,16,16,6,8
1,rs2483278,4,14,10,36,22,80,6,34,16,46,4,10,2,6,4,18,6,14,8,18,10,14,2,8
1,rs7552331,16,24,26,32,72,98,28,44,38,50,8,16,8,12,8,22,8,10,20,28,24,28,2,8
1,rs4494089,12,18,24,36,32,86,22,38,26,48,12,18,6,10,18,26,8,12,18,38,8,16,8,10
1,rs2483280,10,18,26,36,34,74,26,36,26,44,8,12,6,10,20,26,4,10,20,26,14,22,4,10
1,rs1999527,6,12,16,26,30,50,2,14,12,30,4,10,2,6,8,14,10,10,8,14,8,10,2,6
1,rs882430,12,16,14,22,32,66,14,26,22,26,8,10,4,6,14,20,8,10,18,26,8,12,4,4
1,rs6683273,18,20,28,30,60,70,28,34,34,38,16,16,8,8,16,18,10,10,24,26,12,12,4,4
1,rs2483286,18,20,18,28,42,68,18,30,26,36,8,12,6,8,10,14,4,8,12,16,10,18,6,6
1,rs147078493,20,20,32,32,84,84,30,30,48,48,18,18,8,8,14,14,10,10,24,24,14,14,8,8
1,rs4648379,10,16,24,36,56,84,26,36,40,52,10,18,8,12,14,20,12,12,12,26,10,12,4,10
1,rs4415513,2,16,12,32,30,78,10,30,26,42,2,14,4,10,14,26,6,10,12,32,10,20,0,4
1,rs4648380,14,16,26,32,56,70,30,36,34,42,8,10,4,4,16,16,12,12,16,18,14,16,6,8
1,rs2483289,2,10,8,34,16,68,8,28,16,46,0,12,4,10,2,8,6,10,6,28,12,18,2,6
1,rs2500257,0,16,8,30,14,82,6,42,16,36,6,14,4,10,4,8,2,6,8,22,12,18,0,6
1,rs2483256,8,14,18,24,34,64,18,32,18,28,6,12,6,8,8,12,4,8,12,16,8,16,0,2
1,rs946758,8,12,16,26,28,66,12,24,18,30,8,12,4,8,6,10,8,10,16,22,8,8,6,6
1,rs57176063,16,16,22,22,66,66,28,28,34,34,12,12,6,6,14,14,10,10,28,28,14,14,6,6
1,rs12748963,18,18,14,16,46,56,16,20,30,34,6,10,8,10,10,16,6,6,10,12,10,12,2,2
1,rs2500286,20,22,24,32,72,88,32,38,42,48,16,18,8,10,14,20,8,8,18,32,14,16,2,6
1,rs12073172,10,10,10,24,40,68,12,24,14,30,12,16,8,8,12,18,8,12,8,18,10,12,0,2
1,rs17399569,20,20,26,28,68,70,40,46,40,42,14,18,8,10,20,22,8,8,20,20,16,16,6,6
1,rs2500262,6,12,10,20,26,58,10,16,6,24,6,12,4,8,4,10,2,2,0,12,0,8,0,2
1,rs6658356,18,18,22,24,68,70,28,32,40,44,10,10,8,10,18,22,8,8,28,28,14,16,8,8
1,rs4648485,14,20,16,28,40,58,26,36,16,36,6,8,4,8,6,12,0,4,6,10,6,16,2,4
1,rs4648381,10,14,32,36,60,84,36,40,28,28,10,14,8,12,16,18,6,8,12,22,16,20,2,6
1,rs12135987,20,22,22,30,54,84,36,42,38,48,8,14,8,8,20,26,10,12,14,20,8,18,4,4
1,rs1333190,10,14,10,22,24,62,4,22,16,32,8,12,4,12,2,10,4,10,2,18,4,16,0,4
1,rs1333189,14,14,20,26,44,76,20,40,26,34,4,8,8,8,10,18,8,10,26,30,6,14,2,4
1,rs2493311,14,14,26,26,70,70,32,32,40,40,12,12,12,12,12,12,8,8,20,20,20,20,6,6
1,rs4648489,8,10,6,18,34,60,8,22,10,30,2,12,8,10,2,10,4,8,6,12,4,12,2,6
1,rs2493310,16,20,26,28,56,72,26,30,30,36,18,20,8,8,14,16,8,8,14,16,14,16,8,8
1,rs1538693,6,14,10,28,26,68,6,30,8,38,4,12,2,12,6,22,6,12,6,26,8,20,4,6
1,rs78120388,8,12,10,26,20,64,16,28,10,40,8,14,2,8,0,16,4,8,6,20,2,12,0,4
1,rs11584942,14,14,12,14,40,46,18,18,26,26,6,8,4,4,8,10,8,8,10,10,4,4,4,4
1,rs12085231,18,20,26,36,46,72,30,36,26,32,8,12,10,10,16,18,4,6,24,28,14,16,8,8
1,rs868688,8,12,8,8,28,50,18,20,16,24,6,12,0,4,4,8,6,8,10,16,6,8,0,4
1,rs868689,6,20,14,34,26,90,16,42,10,46,0,12,6,14,8,24,8,12,10,36,2,20,0,6
1,rs10492939,12,16,24,32,60,82,26,38,28,42,16,20,6,14,10,16,12,14,20,24,6,10,6,6
1,rs10492938,16,16,24,32,50,54,24,24,28,32,12,12,4,4,22,24,8,8,12,12,12,12,8,8
1,rs17399998,14,18,24,36,68,90,32,36,32,48,14,14,6,8,16,24,8,12,14,22,16,18,4,6
1,rs2493275,4,4,12,14,20,24,6,8,10,14,2,2,4,4,8,8,8,8,4,6,4,4,2,2
1,rs2493268,12,18,10,20,38,62,16,32,20,38,2,8,6,8,6,16,8,12,14,16,10,16,2,4
1,rs871822,16,18,30,36,44,68,20,32,36,42,16,18,8,12,16,24,8,8,22,28,14,18,6,8
1,rs12726710,14,18,26,30,78,90,38,42,42,54,16,18,6,8,14,22,8,14,18,30,14,24,8,10
1,rs17822581,12,16,16,18,34,48,16,16,20,24,8,8,4,4,4,4,2,2,4,8,2,4,2,2
1,rs74048429,14,14,20,20,64,64,26,26,36,36,10,10,6,6,20,20,4,4,16,16,12,14,4,4
1,rs6424074,10,12,16,26,54,72,18,22,26,40,14,14,12,14,8,12,4,6,16,22,14,14,6,6
1,rs11578011,10,20,20,30,24,80,14,34,8,32,12,16,0,8,10,26,4,10,8,20,2,20,2,8
1,rs12024847,12,18,22,26,50,80,18,28,20,36,10,14,4,8,12,14,6,12,14,22,16,18,8,8
1,rs2493304,18,18,24,26,62,66,28,30,32,40,10,14,8,10,14,16,10,10,16,22,14,16,2,2
1,rs870124,4,22,12,32,12,70,10,36,4,50,2,18,2,12,4,26,2,8,4,28,4,20,6,10
1,rs2493292,20,22,22,26,66,84,34,38,48,56,16,16,10,10,20,22,4,8,14,22,10,14,8,10
1,rs2493291,18,18,18,20,60,64,32,32,28,32,10,12,10,10,6,6,4,6,10,16,6,10,2,2
1,rs2068354,16,22,24,28,46,62,24,36,24,38,10,16,8,8,10,12,4,8,18,22,8,14,6,6
1,rs2493285,22,22,36,40,84,92,42,44,34,44,12,14,12,12,22,22,8,8,20,22,18,18,4,4
1,rs147939723,20,20,32,32,76,76,36,36,46,46,12,12,10,10,14,14,8,8,26,26,14,14,6,6
1,snp_1_3334173,22,22,34,34,76,76,42,42,50,50,14,14,10,10,20,20,10,10,28,28,22,22,8,8
1,rs2483230,2,22,4,34,16,82,2,32,6,42,0,20,2,10,6,18,2,8,4,24,6,14,4,6
1,rs1984069,2,20,10,30,28,86,10,40,14,50,0,10,4,10,4,22,4,8,14,38,8,20,6,8
1,rs2483232,6,20,2,22,6,74,0,36,2,36,2,10,0,10,0,10,0,6,0,24,0,18,2,6
1,rs870171,12,20,16,28,54,86,22,38,26,42,12,20,4,12,12,24,10,14,14,30,12,18,4,6
1,rs1537407,22,24,20,26,64,74,30,36,22,42,12,14,4,6,12,16,6,8,16,24,16,18,2,4
1,rs2493272,16,20,32,40,72,86,30,40,38,48,14,14,8,10,14,16,12,12,22,26,12,18,6,8
1,rs78409374,16,16,26,26,78,78,36,36,44,44,12,12,8,8,14,14,6,6,24,24,12,12,6,6
1,rs2483250,0,16,0,26,0,60,2,30,0,30,2,10,0,6,0,16,2,6,2,24,4,16,0,6
1,rs867814,2,16,0,14,4,44,2,26,0,30,0,8,2,6,0,4,0,4,2,8,2,12,0,2
1,rs2487670,6,8,12,14,20,22,10,12,12,18,4,4,2,2,2,2,2,4,6,6,2,6,2,2
1,rs2493256,18,20,34,36,78,86,36,42,44,48,12,14,8,8,20,20,6,10,26,28,14,24,6,8
1,rs12745860,2,16,6,34,8,80,4,42,2,52,2,14,2,8,0,18,4,8,4,32,4,24,0,6
1,rs2487680,20,20,26,26,64,64,24,24,36,36,8,10,10,10,16,16,6,6,10,10,16,16,4,4
1,rs12562167,14,14,30,30,64,70,32,34,30,30,18,18,8,8,16,16,8,8,24,26,18,18,8,8
1,rs2487687,2,16,0,14,6,64,6,36,2,32,0,8,0,10,0,10,4,8,0,12,0,10,0,4
1,rs2185639,0,16,4,32,8,82,6,38,2,42,2,12,2,10,2,12,2,8,0,18,6,16,2,6
1,rs56341824,16,16,16,16,52,56,16,20,20,24,6,8,12,12,12,12,6,8,24,24,16,16,4,4
1,rs114126932,16,16,10,10,58,58,14,14,18,18,8,8,6,6,4,4,4,4,14,14,10,10,4,4
1,rs2493314,10,10,24,24,72,78,30,30,32,32,10,10,8,8,12,14,10,10,16,16,12,14,4,4
1,rs4648505,22,24,20,24,36,40,32,34,30,30,8,10,6,6,14,14,8,8,2,2,14,16,2,2
1,rs2821040,20,20,20,20,62,64,24,24,38,38,14,14,6,8,18,18,6,6,18,20,14,14,4,6
1,rs61730954,12,12,22,22,70,72,26,26,36,36,8,10,12,12,14,14,8,8,20,20,22,22,6,6
1,rs947344,14,16,26,34,66,84,26,36,38,42,12,14,6,8,12,18,4,8,18,22,10,16,6,6
1,rs11585362,8,12,14,20,42,64,14,18,26,30,16,16,10,10,4,6,6,6,14,22,6,12,4,8
1,rs12093117,16,20,28,28,58,68,34,36,38,40,14,16,8,10,18,20,8,8,30,32,12,16,8,8
1,snp_1_3442144,12,12,28,28,62,62,28,28,32,32,14,14,6,6,10,10,6,6,22,22,12,12,2,2
1,rs883427,16,20,24,30,58,82,22,36,40,48,10,14,12,16,14,14,10,10,20,24,12,16,10,10
1,rs4648392,24,26,34,34,70,72,26,26,30,34,10,12,8,8,8,10,10,10,18,18,8,8,4,4
1,rs55762450,22,22,22,26,56,64,22,26,42,44,12,14,8,8,18,20,8,10,20,20,18,20,6,6
1,rs10797400,10,18,8,20,26,54,12,20,18,24,6,6,4,6,2,6,4,8,10,16,4,4,6,6
1,rs12119711,16,18,20,32,58,76,26,40,32,48,6,14,12,14,8,18,8,10,14,28,18,26,6,6
1,rs9970944,12,18,20,32,54,76,18,38,28,32,4,6,6,8,14,16,4,12,20,26,10,14,6,8
1,rs2821066,8,8,8,10,38,38,16,16,20,20,6,6,4,4,6,8,2,2,6,6,0,2,2,2
1,rs4648524,8,16,26,36,56,84,20,28,24,38,10,10,4,4,12,16,4,10,18,36,8,14,6,6
1,rs10737192,8,16,28,38,50,72,34,36,28,46,16,16,8,10,14,18,6,12,24,30,14,16,6,8
1,rs947347,22,22,24,26,80,80,44,46,46,46,16,16,16,16,12,12,8,8,26,26,14,14,6,6
1,rs6685801,20,20,36,36,96,98,32,34,46,48,14,16,12,12,14,16,4,6,26,30,14,16,6,8
1,rs869697,20,20,24,24,70,72,30,32,38,40,18,18,6,6,16,16,14,14,26,28,18,20,2,4
1,rs7516644,8,8,32,32,68,68,28,30,30,30,6,6,8,8,10,10,10,10,14,14,2,6,4,4
1,rs878063,14,14,24,24,56,60,18,20,28,32,10,12,8,8,12,12,6,6,18,22,10,12,2,2
1,rs9628616,20,22,28,28,74,84,32,32,34,36,10,12,10,10,22,22,12,12,22,24,10,12,6,8
1,rs79386324,8,8,22,22,48,48,16,16,34,34,6,6,4,4,8,8,6,6,10,10,8,8,6,6
1,rs2821063,16,16,18,18,66,70,22,30,38,38,12,14,6,8,12,14,8,10,18,20,8,8,10,10
1,rs10909969,12,14,24,28,76,80,22,30,34,40,8,12,6,8,6,14,6,8,18,18,12,18,4,6
1,rs2821059,12,12,20,22,74,76,16,30,22,28,14,14,6,6,8,14,4,8,24,28,10,14,8,8
1,rs79241523,14,14,22,22,68,68,22,22,24,24,10,10,4,4,16,16,8,8,14,14,16,16,6,6
1,rs12749547,14,18,20,24,66,80,34,36,40,48,12,18,6,8,20,20,10,10,26,34,20,22,6,6
1,rs947354,12,14,28,28,58,58,26,26,28,28,16,16,8,8,22,24,4,6,12,12,20,20,6,8
1,rs4431782,18,18,24,26,70,78,28,30,32,38,16,16,6,8,14,18,12,12,26,26,18,18,6,6
1,rs7513251,12,12,28,28,70,72,34,36,42,42,14,14,12,12,22,22,8,8,26,26,14,16,10,10
1,rs2821054,4,16,2,26,14,78,6,34,2,42,2,8,2,14,2,22,0,8,2,30,4,18,2,8
1,rs2821053,4,16,6,32,30,82,16,42,8,46,2,12,4,8,4,12,0,10,6,28,8,18,2,8
1,rs12139206,0,14,0,18,2,46,2,16,4,32,2,10,0,8,2,12,0,4,2,6,0,8,2,4
1,rs4648527,4,18,6,34,14,82,8,36,2,42,2,12,2,10,4,18,0,10,0,24,2,18,4,6
1,rs6697749,18,18,30,30,62,64,20,26,38,38,10,10,8,8,12,16,12,12,14,14,18,20,6,6
1,rs7544357,12,16,20,26,62,74,28,44,38,50,10,14,6,8,10,16,10,10,26,30,12,16,2,8
1,rs2821025,0,18,0,28,4,72,4,44,0,38,0,16,2,12,2,18,0,8,0,30,0,18,0,10
1,rs2821023,4,18,2,32,8,78,2,34,6,46,4,16,0,10,4,18,4,12,0,22,6,22,0,4
1,rs6690231,18,18,24,26,64,66,28,28,50,50,12,12,6,8,10,10,10,10,18,18,18,20,6,6
1,rs60957843,12,20,14,28,32,88,8,44,20,40,6,16,6,14,0,16,2,6,6,18,16,26,6,6
1,rs2821017,8,12,20,26,38,60,24,32,18,34,10,16,4,6,10,10,10,10,10,20,8,10,0,2
1,rs78000706,16,16,28,28,80,80,38,38,36,38,16,16,6,6,18,18,6,6,26,26,20,20,6,6
1,rs59839028,14,14,30,30,88,90,42,42,34,36,14,14,8,8,12,12,10,10,22,22,18,18,4,4
1,rs4648398,0,24,0,40,0,96,2,34,0,44,2,14,4,12,2,24,2,8,2,34,4,20,2,8
1,rs55728961,6,14,12,26,38,86,12,32,18,50,4,14,4,8,6,14,2,8,12,24,12,24,0,6
1,rs4648400,6,8,4,28,12,58,4,22,6,38,4,14,0,4,6,16,6,10,2,26,4,18,0,4
1,rs4648537,8,18,12,22,36,54,22,34,16,30,10,12,4,8,8,12,6,8,4,18,12,16,2,6
1,rs74048685,22,22,28,28,88,88,38,38,46,46,12,14,8,8,12,12,10,10,24,24,20,20,8,10
1,rs2821007,18,18,32,34,76,78,38,38,34,36,16,16,10,10,22,22,8,8,28,30,22,24,8,8
1,rs10909994,20,20,34,34,84,84,46,46,44,44,16,16,10,10,22,22,10,10,24,24,18,18,4,4
1,rs3818330,22,26,28,30,64,84,28,42,36,44,12,12,8,10,10,20,10,10,20,32,14,18,8,10
1,rs7528494,26,26,34,36,84,84,44,44,42,42,14,16,12,12,24,26,10,10,36,36,22,22,8,8
1,Affx-50031121,20,20,34,34,66,66,36,36,40,40,14,14,10,10,22,22,6,6,14,14,8,8,6,6
1,rs2181484,0,4,2,8,2,28,0,12,2,12,0,8,0,2,0,8,0,2,0,12,0,6,0,4
1,rs9662739,10,18,18,34,42,72,20,36,18,38,6,16,4,10,8,18,2,6,6,16,2,10,8,8
1,rs10910003,16,16,30,34,82,90,34,38,36,46,16,18,8,10,12,14,6,10,22,26,14,20,4,4
1,rs56443794,2,6,6,18,4,36,0,20,2,24,0,4,0,4,4,4,0,2,2,4,2,4,0,2
1,rs11590111,14,16,30,36,72,80,36,36,28,42,18,20,12,12,18,22,14,14,24,32,10,16,4,4
1,rs10797408,18,20,20,24,48,54,18,18,32,32,12,12,6,6,18,18,12,12,6,10,10,14,4,4
1,rs875233,16,18,22,26,74,80,26,30,32,38,4,4,10,10,12,12,4,8,16,18,8,14,4,4
1,rs74862930,24,24,32,32,82,84,42,44,38,38,12,12,10,12,14,14,10,10,26,28,16,18,6,6
1,rs3765692,14,20,24,32,78,96,24,32,38,46,12,14,6,14,18,18,6,10,20,24,8,16,6,6
1,rs3765696,20,22,28,30,62,66,32,36,24,26,12,12,0,6,14,14,4,6,18,20,16,16,2,2
1,rs78488894,14,14,32,32,82,82,40,40,46,46,20,20,8,8,26,26,8,8,24,24,14,14,4,4
1,rs3765703,6,14,12,18,22,46,14,24,16,30,2,4,4,6,0,6,8,10,8,8,10,10,0,2
1,rs3765705,14,18,28,28,72,76,30,32,36,38,10,12,8,8,14,14,8,8,16,22,16,16,4,4
1,rs3765706,14,18,16,22,44,60,26,30,22,32,10,12,4,8,6,12,8,10,14,22,12,18,6,6
1,rs12562573,10,18,14,30,34,70,20,36,20,46,8,12,8,8,14,26,6,8,10,22,8,12,6,8
1,rs3765731,18,20,18,24,56,80,32,36,26,40,12,18,4,6,10,14,6,8,16,20,12,22,6,6
1,rs79493695,22,22,22,22,66,66,38,38,32,32,10,10,4,4,10,10,6,6,8,8,10,10,2,2
1,rs9786961,10,18,16,32,66,92,34,42,38,50,8,16,8,10,12,16,12,16,18,26,18,24,6,8
1,rs3765761,26,26,30,32,60,78,28,34,30,36,10,14,12,12,10,16,8,10,30,36,14,20,8,8
1,rs3819967,8,14,14,20,20,38,12,20,8,14,6,8,8,10,8,12,2,2,8,10,14,16,0,4
1,rs3765765,4,12,18,28,42,76,16,32,26,40,8,12,6,10,4,18,2,6,8,20,6,10,6,10
1,rs3765766,4,16,0,18,8,44,0,16,2,20,2,8,0,6,0,4,0,2,0,8,2,8,0,2
1,rs747827,24,24,28,28,76,78,38,38,30,30,14,14,10,10,16,16,8,8,22,24,12,14,6,6
1,rs12731705,14,20,18,32,38,84,20,32,28,38,12,18,2,6,12,18,0,8,10,24,6,20,4,6
1,rs2146658,4,10,2,20,12,44,2,20,8,30,2,6,2,6,4,16,0,4,2,10,4,10,0,2
1,rs12562437,14,16,18,18,62,66,22,22,32,34,8,8,10,10,12,12,8,8,10,12,8,8,4,4
1,rs1181868,2,14,4,16,12,58,8,26,2,20,2,12,0,8,4,12,0,6,2,8,4,14,0,2
1,rs10910018,20,20,32,32,54,56,42,42,40,40,12,12,10,12,18,18,10,10,14,16,8,8,4,4
1,rs116806114,22,22,32,32,88,88,44,44,46,46,20,20,12,12,24,24,8,8,26,26,12,12,6,6
1,rs7515164,18,18,26,28,56,64,38,38,42,42,14,14,8,8,14,18,10,14,24,24,14,18,8,8
1,rs12117836,4,8,16,28,36,58,20,36,28,36,12,16,8,12,10,18,4,6,16,28,6,16,2,8
1,rs72634702,14,22,26,30,52,84,24,38,38,48,6,10,6,8,10,22,2,8,10,22,6,14,0,2
1,rs72637004,14,18,18,20,34,54,16,22,26,30,8,10,4,6,8,10,4,6,14,18,6,8,4,4
1,snp_1_3661538,18,18,32,32,74,74,40,40,38,38,12,12,8,8,14,14,6,6,20,20,14,14,10,10
1,rs115821370,16,16,28,28,82,84,46,46,46,46,18,18,8,8,16,16,16,16,36,36,22,22,6,6
1,rs3737589,14,22,18,28,50,80,12,34,28,38,12,14,6,8,8,18,10,14,12,20,10,14,4,6
1,rs12128253,12,18,22,28,52,74,20,30,24,26,14,14,6,10,18,24,12,14,10,18,10,12,2,2
1,rs76597070,18,18,22,22,78,78,40,40,40,40,12,12,8,8,20,20,14,14,32,32,10,10,4,4
1,rs1181888,12,14,20,20,46,54,14,16,18,20,10,12,8,8,6,6,8,8,14,14,8,12,4,4
1,rs1181883,14,26,24,32,54,84,28,48,24,46,14,20,8,10,12,20,4,12,14,28,8,14,2,6
1,rs10910024,4,8,16,22,44,62,24,28,30,40,2,6,8,8,10,12,4,6,16,24,14,18,2,6
1,rs1181877,12,18,26,32,48,68,18,28,22,38,10,12,6,8,4,12,4,6,12,20,6,12,2,2
1,rs6669358,20,20,26,28,68,78,26,32,36,44,16,18,6,8,18,20,6,8,16,20,20,20,6,8
1,rs1181875,20,20,34,34,66,66,36,36,32,36,8,8,6,6,20,20,8,8,18,18,16,16,4,6
1,rs10910025,14,14,20,20,46,50,20,24,24,26,16,16,6,6,12,12,6,6,12,16,6,8,8,8
1,rs1175550,20,26,28,28,60,76,28,36,40,48,12,14,8,14,8,14,6,6,22,34,14,18,8,10
1,rs1175549,14,14,18,20,50,66,24,34,40,44,12,16,4,8,14,18,6,8,20,24,10,12,4,4
1,rs1891936,18,18,20,20,62,64,20,22,28,32,10,12,8,10,12,12,6,6,14,16,6,8,2,2
1,rs1891934,10,14,30,32,54,74,22,30,26,38,14,14,2,10,16,18,8,10,14,20,8,12,2,4
1,rs2799182,4,12,6,10,20,36,8,8,12,14,4,4,0,4,0,6,2,4,0,2,4,6,0,2
1,rs12061931,20,20,32,32,94,94,34,36,44,44,18,18,10,10,14,16,12,12,22,22,20,20,12,12
1,rs3737593,26,26,28,30,68,76,26,36,34,40,14,16,10,12,18,22,10,12,22,22,18,18,4,4
1,rs8379,16,22,18,28,54,92,30,46,24,44,8,16,2,12,12,24,10,10,8,20,12,24,6,10
1,rs8520,8,16,16,30,40,64,14,16,26,44,8,12,8,8,12,18,4,8,10,24,14,16,6,6
1,snp_1_3701152,12,12,22,22,46,50,14,14,30,30,10,10,2,2,10,10,6,6,10,12,12,12,4,4
1,snp_1_3704565,16,16,32,32,78,78,30,30,40,40,22,22,8,8,16,16,10,10,30,30,14,14,6,6
1,rs9424284,8,14,16,24,36,64,20,30,28,42,8,14,0,8,8,16,10,10,12,26,6,12,0,4
1,rs112182443,20,20,24,24,60,60,30,30,24,24,10,10,10,10,14,14,8,8,12,12,16,16,2,2
1,rs12728911,10,10,18,20,44,48,18,22,24,26,6,8,6,6,12,16,2,4,12,20,10,12,0,4
1,rs6667255,12,16,22,26,58,66,18,26,28,36,12,16,4,10,16,22,12,16,16,22,14,16,4,6
1,rs12403561,20,20,30,30,96,96,38,42,38,40,12,12,10,10,20,20,8,8,32,32,16,16,6,6
1,rs2887274,24,24,36,38,70,72,30,30,46,46,10,10,6,8,14,16,12,12,26,28,18,20,4,4
1,rs12127399,22,28,28,32,76,92,30,38,30,40,10,14,8,12,10,18,12,12,18,20,12,18,6,6
1,rs4233019,12,18,14,28,38,76,14,32,28,42,12,12,2,8,6,16,6,10,10,24,8,16,2,4
1,rs6702935,8,16,26,34,28,64,12,24,12,32,10,18,2,8,12,24,6,10,4,18,6,14,0,4
1,rs9424308,10,20,26,32,42,90,18,32,26,38,14,18,2,8,8,22,8,10,10,20,10,20,0,6
1,rs2027548,20,20,26,28,66,66,28,30,38,38,18,18,6,6,20,20,12,12,28,28,18,18,4,4
1,rs9424290,24,24,26,26,56,60,26,26,26,26,12,12,8,10,10,14,4,4,18,18,16,16,4,4
1,rs75991152,8,16,14,16,22,38,8,20,20,28,4,6,0,2,2,8,4,6,4,14,2,10,2,4
1,rs12759497,18,18,28,28,74,74,24,28,34,42,16,18,8,8,16,18,6,8,24,26,20,20,4,6
1,rs2275835,18,18,30,30,76,76,34,34,46,46,16,16,10,10,16,16,10,10,20,22,16,18,6,8
1,rs6663840,12,18,26,30,48,68,20,22,24,32,16,18,10,10,8,12,8,8,10,20,6,12,8,10
1,rs6688969,14,24,20,30,36,44,16,20,18,24,8,10,4,10,8,14,6,6,12,12,12,14,2,4
1,rs7535133,18,20,28,34,42,54,20,26,30,38,16,16,10,10,14,18,8,10,12,20,16,18,4,6
1,rs12746541,4,4,8,12,30,40,8,8,16,18,4,4,2,2,4,6,6,6,8,12,6,8,4,6
1,rs12084604,16,16,20,20,76,76,42,42,34,34,18,18,10,10,22,22,6,6,24,24,16,18,8,8
1,rs6683827,0,12,0,16,0,36,2,24,0,34,0,8,0,8,0,18,0,8,0,8,0,10,0,2
1,rs7535887,0,20,0,32,0,80,2,32,0,36,2,12,2,10,0,18,0,12,2,28,2,20,0,8
1,rs2275822,8,20,12,32,42,80,16,30,28,42,6,16,4,8,6,14,6,14,16,28,6,12,4,4
1,rs59414187,8,10,16,18,40,50,16,20,16,18,8,10,0,4,8,16,6,8,8,8,6,8,2,2
1,rs10492942,14,22,30,32,54,64,16,22,40,50,10,12,6,8,10,20,8,8,24,26,12,14,6,6
1,rs144847714,20,22,26,26,48,50,14,22,26,28,12,14,6,6,12,12,4,4,10,12,8,10,4,4
1,rs4648346,0,18,0,24,0,52,0,28,2,32,0,6,0,6,0,10,0,6,2,16,0,12,0,2
1,rs4648423,6,26,2,20,14,80,8,28,14,52,0,12,4,10,8,16,0,8,6,18,2,16,2,8
1,rs4648347,6,16,2,12,14,46,8,30,4,28,4,14,0,4,6,12,0,8,6,14,6,14,2,2
1,rs6683156,4,12,12,22,22,46,10,38,16,26,2,8,2,4,10,14,0,4,8,10,4,10,2,4
1,rs61768933,16,18,18,18,38,54,20,32,18,22,8,10,2,8,6,12,6,6,12,14,10,14,4,4
1,rs12730854,12,16,16,24,60,70,28,32,32,38,14,14,8,8,12,14,8,10,20,26,18,18,8,10
1,rs72640928,20,20,30,34,60,72,30,38,30,38,12,12,4,6,18,24,12,12,20,26,14,18,4,4
1,rs4648426,12,18,24,30,54,72,24,32,32,44,12,14,4,6,16,22,12,12,24,28,14,14,2,8
1,rs9786959,8,10,12,20,38,68,16,22,20,36,0,10,4,4,10,14,2,10,12,18,6,10,2,2
1,rs6660371,6,12,18,30,60,82,26,36,26,36,12,14,4,6,12,18,4,10,20,26,10,16,6,6
1,rs6660459,10,14,12,24,50,60,26,40,22,30,10,12,0,6,10,16,6,8,16,20,18,20,8,8
1,rs4400555,0,20,0,32,0,74,0,30,0,36,0,10,0,10,0,24,0,4,2,24,0,16,0,6
1,rs12738235,16,20,24,24,32,38,18,22,26,34,8,10,10,10,10,12,8,8,10,12,8,10,2,2
1,rs35035893,10,14,22,26,68,76,24,26,22,22,10,10,8,8,8,8,6,6,24,24,20,22,2,2
1,rs12754083,16,24,20,24,60,68,24,30,34,38,10,10,4,8,18,22,6,6,24,24,10,14,4,4
1,rs77838018,18,18,30,34,74,74,36,36,38,38,10,10,6,6,18,18,10,10,16,16,16,16,8,8
1,rs57719213,8,8,20,20,44,46,24,24,28,28,14,14,4,4,10,10,4,4,14,14,4,4,2,2
1,rs12027018,4,6,12,16,44,56,18,24,22,26,6,10,6,6,12,12,4,8,6,10,10,12,2,2
1,snp_1_3795405,22,22,34,34,74,74,42,42,46,46,12,12,10,10,30,30,8,8,32,32,20,20,10,10
1,rs12027244,14,18,18,26,62,74,22,30,34,42,14,16,6,10,16,16,4,6,18,22,16,16,4,6
1,rs12028018,16,18,18,30,60,78,40,46,28,32,12,14,4,12,24,24,4,10,16,24,14,20,8,8
1,rs4074709,14,18,26,32,58,68,32,38,40,44,12,12,2,6,18,20,8,10,12,14,14,16,4,4
1,rs35259658,8,10,18,18,36,48,16,18,14,18,10,14,2,4,8,10,4,4,4,4,8,8,2,4
1,rs61768959,14,14,22,24,56,66,22,22,22,30,4,10,6,6,18,20,2,2,14,14,12,14,4,4
1,rs4073324,4,6,10,22,20,46,8,18,10,20,2,8,2,4,4,10,6,6,8,16,2,10,0,4
1,snp_1_3799946,18,18,34,34,72,78,30,34,40,44,16,16,10,10,18,20,14,14,18,18,20,20,8,8
1,rs3205087,14,18,20,36,46,98,30,46,26,54,12,20,10,12,12,22,10,12,22,30,8,22,12,12
1,rs76726236,16,16,34,34,74,74,36,36,40,40,16,16,8,8,20,20,10,10,24,24,22,22,6,6
1,rs7367066,8,18,10,28,28,96,14,42,18,54,2,18,2,10,8,20,4,8,4,30,0,14,2,4
1,rs12753572,8,10,22,32,60,80,18,22,22,30,6,8,6,6,8,14,6,12,18,22,8,14,4,6
1,rs4131373,18,20,24,34,78,96,32,42,40,54,16,16,14,14,10,14,0,10,24,26,16,18,6,6
1,rs11807227,22,24,28,36,74,102,44,50,38,52,14,18,10,10,12,12,14,16,28,30,14,18,6,8
1,rs12082157,12,12,22,28,60,82,34,40,28,28,12,16,6,8,10,12,6,14,26,28,22,28,6,6
1,rs75689004,10,12,10,18,32,42,14,20,22,26,6,6,6,6,12,14,2,4,12,14,8,10,2,2
1,rs141539850,26,26,38,38,92,92,42,42,42,42,14,14,12,12,22,22,14,14,36,36,12,12,10,10
1,snp_1_3820559,14,14,26,26,54,54,24,26,28,28,10,10,2,2,16,16,10,10,18,18,8,8,8,8
1,rs6687869,18,20,18,32,48,82,24,38,36,44,8,12,6,8,14,24,2,10,22,24,12,20,10,10
1,rs76419011,10,12,10,16,44,60,28,30,36,40,10,10,6,8,10,10,6,10,18,18,14,18,4,4
1,rs111854503,16,16,16,16,34,34,16,16,28,28,4,4,2,2,8,8,6,6,4,4,12,12,4,4
1,rs61770388,16,16,16,24,40,64,18,32,16,36,8,12,12,12,16,22,4,12,12,20,8,14,4,6
1,rs72849363,20,20,26,26,78,78,42,42,34,36,16,16,10,10,18,18,6,6,24,24,16,16,8,8
1,rs34283457,16,18,20,26,64,84,28,42,24,38,8,12,8,10,20,22,4,6,12,30,10,18,4,8
1,rs74986126,16,16,32,32,78,78,32,32,38,38,14,14,12,12,14,14,8,8,24,24,18,18,4,4
1,rs79811232,28,28,42,42,74,76,36,36,36,36,12,14,14,14,16,16,6,8,26,28,16,16,4,4
1,rs76878289,20,20,24,24,74,74,34,34,26,26,10,10,8,8,16,16,8,8,18,18,14,14,6,6
1,rs76332900,16,16,28,28,74,76,32,32,42,42,14,16,10,10,18,18,10,10,20,20,18,18,6,8
1,rs185656431,18,18,24,24,72,76,32,34,34,34,16,16,8,8,22,22,10,10,24,24,16,16,6,6
1,rs28438555,10,10,28,28,54,54,16,16,28,28,8,8,4,4,14,14,10,10,14,14,4,4,4,4
1,rs12724233,18,18,18,30,50,72,26,38,28,32,10,12,8,8,20,22,12,12,20,26,14,18,2,4
1,rs10915568,20,20,36,36,84,84,34,38,34,40,16,18,6,14,16,18,8,14,26,26,16,20,6,6
1,Affx-50032147,24,24,36,38,80,80,34,34,46,46,20,20,14,14,16,16,14,14,24,24,20,20,6,6
1,rs11583257,16,20,20,26,42,56,38,38,22,28,10,10,4,6,6,8,10,12,8,14,6,8,0,2
1,rs72849395,8,10,10,14,32,40,20,22,26,36,6,6,4,6,6,10,4,6,12,20,10,14,2,2
1,Affx-50032219,16,16,14,14,40,40,14,14,18,18,10,10,4,4,12,12,6,6,4,4,10,10,2,2
1,rs11585024,10,16,26,26,32,34,18,18,18,22,6,10,2,4,12,14,6,6,6,10,4,8,4,6
1,rs11583584,14,16,22,28,48,62,24,26,28,40,8,10,6,6,12,14,8,10,18,22,14,16,4,4
1,rs7548668,14,16,24,30,44,62,22,38,16,30,14,18,4,4,8,10,2,6,12,16,12,12,2,6
1,snp_1_4006388,12,12,16,20,64,72,24,24,30,38,8,12,6,8,12,20,8,8,22,28,10,12,4,6
1,rs7551771,14,16,10,12,24,30,12,16,4,8,2,6,0,2,4,8,2,2,0,2,2,4,0,2
1,rs7519349,16,18,26,36,72,100,20,28,30,52,8,12,12,12,12,22,8,10,24,26,12,18,2,8
1,rs7519458,16,20,22,30,50,74,18,32,26,42,4,10,2,8,10,16,6,8,2,16,6,12,0,2
1,rs10737395,18,18,26,28,60,68,38,40,28,36,10,10,8,8,10,12,6,10,18,20,14,16,4,4
1,rs79279812,14,14,26,26,56,62,36,36,28,38,10,12,6,8,10,12,6,8,18,26,14,18,4,6
1,rs10799181,12,14,24,30,66,72,32,34,36,46,16,18,10,10,20,20,8,8,20,28,14,18,4,4
1,rs6661168,6,10,24,32,40,66,16,26,30,44,12,12,6,6,18,20,6,6,16,22,10,14,2,2
1,rs4654482,12,12,32,34,60,62,18,22,34,34,8,10,8,10,10,10,10,12,16,16,8,14,4,4
1,rs10799202,2,16,12,34,20,88,8,30,10,36,6,12,4,10,6,20,2,12,6,26,6,14,4,8
1,rs12119556,22,22,30,30,78,82,36,36,44,46,14,14,10,10,18,18,10,14,26,28,18,18,6,6
1,rs10915433,8,10,22,22,38,42,16,16,36,36,10,10,2,4,8,8,6,6,12,16,10,10,2,2
1,rs6681347,4,20,10,38,18,78,10,34,18,44,6,16,6,10,10,26,0,12,8,30,8,14,4,8
1,rs4654493,2,14,4,18,20,62,10,20,8,28,8,10,0,4,6,12,0,4,2,8,2,4,0,6
1,rs7522140,6,14,12,28,18,68,10,30,8,34,8,14,2,8,4,20,4,12,4,28,10,24,2,4
1,rs111797171,12,16,26,26,66,74,36,36,36,36,18,18,10,10,16,16,14,14,20,20,20,20,4,4
1,rs10915469,6,12,20,20,54,60,20,32,28,40,4,8,10,10,6,10,4,10,22,28,4,18,2,4
1,rs72850848,14,14,24,28,62,64,18,18,30,34,10,10,8,8,20,22,10,10,16,16,14,16,4,4
1,rs10799215,6,18,4,30,10,70,12,28,6,28,2,4,0,10,12,26,4,8,8,18,6,10,2,6
1,rs7417834,6,16,4,28,20,84,8,26,6,34,10,14,0,8,2,16,4,10,6,24,20,24,4,6
1,rs72850857,14,14,18,18,52,52,16,16,30,30,10,10,6,8,10,10,6,6,6,6,8,8,6,6
1,rs60369876,14,14,20,20,50,50,28,28,30,30,12,12,6,6,8,10,8,8,12,14,10,10,8,8
1,rs7417339,16,16,38,38,82,84,42,42,32,34,18,18,10,12,18,18,8,10,24,26,18,18,6,8
1,rs7417345,22,22,18,18,40,40,22,22,18,18,8,8,4,6,10,10,8,8,6,6,10,12,2,2
1,rs141952882,12,12,20,20,34,34,14,16,22,22,8,8,4,4,8,8,8,8,10,10,6,6,4,4
1,rs10915504,14,18,20,20,46,48,28,28,16,20,12,12,4,4,14,14,2,6,6,6,12,12,2,4
1,rs12029788,16,16,22,22,44,44,20,20,20,20,10,10,2,4,8,8,8,10,8,8,12,12,4,4
1,rs12031557,12,12,10,10,44,44,32,32,18,18,10,10,4,4,8,8,8,10,14,14,6,8,2,2
1,rs4654428,4,22,0,16,14,72,14,36,12,26,4,10,0,8,4,14,6,8,6,14,8,10,2,2
1,rs11587331,12,20,4,28,16,70,10,24,12,42,12,16,6,10,6,18,6,6,4,18,10,16,4,8
1,rs4654525,6,24,4,28,14,44,4,26,6,30,8,10,4,10,4,10,2,6,4,16,4,10,0,4
1,Affx-50032297,22,22,22,22,58,58,30,30,38,38,8,10,8,8,12,12,6,6,20,20,10,10,8,8
1,rs191082177,8,10,18,18,54,56,30,30,30,30,8,8,8,8,16,18,8,8,16,16,14,16,4,4
1,rs4654543,6,22,4,38,26,88,10,40,8,42,12,14,2,8,6,24,4,12,10,30,6,18,2,6
1,rs12038964,16,20,32,32,52,54,20,20,30,34,8,10,8,8,8,10,8,10,12,12,12,14,6,6
1,rs6691155,4,24,2,32,22,84,12,30,14,48,10,22,2,10,12,22,8,12,6,22,10,18,2,6
1,rs79762816,18,18,32,32,78,80,40,42,42,44,14,14,8,8,16,16,6,6,22,22,18,18,2,4
1,rs7413578,2,10,6,18,6,40,12,24,4,26,8,10,0,2,4,12,6,8,4,12,6,14,2,4
1,rs12135298,4,12,0,28,14,78,8,32,8,34,2,14,0,8,2,16,0,10,4,18,6,12,0,4
1,rs12045781,22,24,30,38,66,78,30,38,40,48,18,18,8,10,24,28,8,10,22,32,14,18,8,8
1,rs12722968,16,18,22,26,64,90,32,36,32,42,12,16,8,10,22,30,10,12,28,34,12,16,6,6
1,rs3935559,4,18,8,28,50,94,26,44,22,42,10,16,2,8,12,18,8,14,24,34,12,18,6,10
1,rs4128222,18,22,14,22,72,80,30,32,26,32,8,10,4,8,12,14,10,12,22,28,18,18,8,8
1,rs6675979,12,24,10,24,36,66,18,32,18,36,4,10,6,8,10,14,2,6,10,22,8,10,2,4
1,rs77379781,12,12,16,16,36,38,22,22,20,20,6,6,2,4,10,10,8,10,8,8,12,12,2,2
1,rs6672264,14,22,24,32,48,76,28,38,26,42,12,14,6,10,4,14,8,10,24,30,12,16,4,8
1,rs75712447,20,20,24,24,90,90,38,38,34,34,14,16,14,14,20,20,8,8,10,10,18,20,8,8
1,rs12026411,6,14,20,32,30,46,10,14,14,22,14,14,4,4,10,10,2,4,6,6,6,8,4,4
1,rs12034312,8,18,20,30,46,84,16,38,34,42,14,18,8,12,16,22,8,10,16,24,12,16,2,6
1,rs66488358,8,14,20,30,52,64,24,32,22,26,6,12,4,6,8,16,4,6,20,22,14,14,2,4
1,rs4654600,18,18,16,26,62,78,26,36,44,52,16,20,8,10,16,20,6,10,16,20,8,12,2,8
1,rs4654601,16,18,18,30,60,80,20,28,42,56,14,18,6,10,14,18,6,10,10,20,10,14,2,8
1,rs59524797,16,18,24,24,90,98,42,44,38,40,16,16,8,8,26,26,10,12,26,26,16,18,8,8
1,rs4323679,6,26,14,34,36,82,18,34,22,46,12,18,6,12,10,18,8,12,18,24,8,12,4,6
1,rs4440829,18,22,28,34,76,88,24,32,42,56,14,16,8,12,20,20,10,12,22,26,14,14,6,6
1,rs4378174,14,18,14,28,64,76,16,26,32,36,6,12,8,10,14,18,6,6,20,22,16,18,10,10
1,rs17404600,2,4,8,14,20,34,8,12,16,16,4,4,0,4,2,8,2,2,6,8,4,4,0,2
1,rs36003686,6,18,6,22,26,48,10,20,10,34,4,14,0,2,4,8,2,6,6,10,10,14,0,6
1,rs10915600,14,18,16,20,32,44,22,26,24,24,4,14,0,2,4,6,2,4,10,12,18,18,6,6
1,rs10799261,6,10,6,30,28,50,10,26,22,34,8,14,4,6,10,12,2,10,12,14,8,16,0,4
1,rs58051771,16,20,28,36,60,78,38,42,30,38,16,16,6,8,12,14,6,8,22,24,18,22,8,8
1,rs4328052,16,24,16,30,54,70,22,28,28,40,6,10,6,8,18,22,4,6,8,12,14,18,8,8
1,rs4328051,14,18,16,28,50,64,16,28,22,34,8,10,4,8,12,16,4,4,8,10,14,18,6,6
1,rs10915318,10,16,18,28,70,84,30,38,30,40,8,12,6,10,12,16,12,12,26,26,26,26,10,10
1,rs74048801,14,16,24,28,72,74,30,30,28,36,12,12,0,4,18,20,4,6,16,16,14,18,4,4
1,rs12749761,18,20,16,22,58,82,28,32,28,34,4,14,8,10,8,14,10,12,18,20,6,14,4,4
1,rs4654475,12,18,10,28,28,66,16,38,14,38,8,16,4,12,8,14,4,8,6,18,8,22,2,4
1,rs10915366,26,26,28,28,66,68,32,34,42,44,10,10,10,10,18,18,8,8,24,24,18,18,2,2
1,rs12745618,8,14,20,30,52,92,28,40,32,42,10,12,6,10,18,20,4,8,10,24,20,20,8,10
1,rs9792946,0,16,2,28,10,78,4,32,0,40,6,16,0,4,4,18,0,8,0,16,0,16,2,6
1,rs7514530,16,22,16,20,54,80,26,30,30,40,14,14,2,8,14,18,0,6,14,22,10,14,4,4
1,rs10915372,14,18,20,30,46,72,14,24,16,34,6,16,4,8,12,18,6,8,10,22,12,16,0,4
1,rs7524800,12,20,20,24,46,82,32,44,34,46,10,14,6,8,22,24,10,14,14,26,14,20,4,6
1,rs11809224,18,18,32,32,82,82,34,34,44,44,14,14,12,12,18,18,8,8,20,20,14,14,6,6
1,rs10799180,0,8,4,26,10,66,4,22,6,36,2,12,0,8,0,10,2,8,2,22,0,14,0,6
1,rs6669278,20,20,32,34,72,78,30,32,30,38,14,16,10,12,22,24,6,10,26,32,18,20,6,8
1,rs10915398,12,22,12,34,44,90,18,54,16,46,8,22,6,10,18,28,6,8,14,30,10,24,6,10
1,rs10753358,10,16,4,26,24,64,10,32,12,34,2,8,2,10,8,12,8,8,4,14,8,16,2,4
1,rs10915400,8,18,10,24,16,54,14,32,14,32,2,10,4,8,2,12,2,6,6,12,6,16,0,2
1,rs11586513,12,14,4,14,20,44,10,22,10,20,2,4,2,4,2,8,4,4,2,10,2,8,4,6
1,rs4391636,6,14,14,24,12,36,12,18,18,24,4,8,4,4,8,10,4,6,10,14,2,6,4,6
1,rs4400586,10,14,6,20,4,26,2,18,12,26,0,4,6,6,2,8,2,4,2,6,0,6,0,4
1,rs7537237,6,14,4,14,8,38,4,24,4,10,4,12,4,4,4,16,4,8,4,14,6,16,0,4
1,rs3936238,6,18,10,22,10,44,6,22,12,28,6,8,4,6,0,8,2,2,6,14,2,10,2,2
1,rs9628650,8,12,6,22,14,32,6,22,6,24,2,8,4,8,8,12,4,4,4,8,2,12,2,4
1,rs12093951,16,16,22,22,76,78,34,34,38,42,18,18,8,10,14,14,4,10,28,30,14,14,8,8
1,rs10157057,12,30,14,34,28,74,14,36,24,40,6,12,4,8,20,28,4,6,10,22,0,18,6,8
1,rs4436359,2,22,4,22,18,68,6,22,10,34,2,8,2,14,6,22,2,10,4,20,4,14,0,6
1,Affx-50032654,22,22,14,14,38,38,26,26,14,14,4,4,4,4,4,4,4,4,6,6,10,10,2,2
1,rs10915421,12,20,20,28,58,68,20,26,28,32,10,10,6,8,16,18,4,6,12,16,10,12,0,2
1,rs10915423,2,16,4,32,8,68,4,26,8,36,2,14,0,8,2,22,2,6,0,24,0,14,0,4
1,rs10915424,6,10,16,22,50,60,20,24,20,26,14,14,6,8,6,8,2,4,18,26,10,16,4,6
1,rs79710051,18,18,32,32,78,78,40,40,36,36,10,10,12,12,12,12,10,10,20,20,14,14,6,6
1,rs4481820,10,18,24,30,36,76,28,38,30,38,4,14,6,6,18,22,4,12,18,24,14,18,8,8
1,rs6676961,10,10,22,26,22,28,14,24,18,22,6,6,4,4,4,10,2,2,8,14,4,6,2,4
1,rs56329102,20,24,18,26,50,72,24,30,22,44,10,12,8,8,8,20,6,10,18,32,8,14,4,6
1,rs12073797,18,18,34,34,78,78,36,38,50,50,12,12,8,10,18,20,10,10,28,30,14,14,4,4
1,rs10915430,16,18,32,32,68,74,22,22,26,42,16,16,8,10,14,22,2,4,20,28,12,18,6,6
1,rs12077262,16,16,22,22,44,54,20,24,28,40,8,10,6,8,8,12,6,8,12,18,4,16,4,4
1,rs7548756,20,20,32,36,66,82,34,36,18,32,12,14,6,8,18,22,12,12,14,20,8,18,4,6
1,rs142617808,20,20,24,24,70,70,22,22,36,36,12,12,8,8,10,10,6,6,20,20,14,14,4,4
1,rs10492945,24,24,32,32,88,88,50,50,36,36,14,14,12,12,16,16,10,10,28,28,16,16,8,8
1,rs10915434,16,18,28,30,62,72,22,26,30,38,12,12,6,8,8,16,6,8,20,28,8,16,6,6
1,rs61768822,8,8,14,14,44,46,14,16,16,18,8,8,0,2,8,12,4,4,8,8,4,6,2,2
1,rs6670920,4,12,8,26,14,66,6,26,2,38,6,14,4,10,0,12,2,10,4,18,2,16,6,8
1,rs16840802,20,20,18,18,46,46,14,14,24,24,4,4,6,6,6,6,6,6,4,4,16,16,2,2
1,rs10737402,8,20,10,26,26,82,2,28,8,42,6,10,4,10,0,16,4,8,6,22,2,18,4,8
1,rs58758001,8,12,8,12,40,48,8,14,18,34,6,8,4,6,6,8,4,6,12,16,2,8,4,6
1,rs57434236,16,18,34,44,58,82,30,38,24,36,14,16,6,10,14,20,4,6,12,24,10,20,6,10
1,rs115990293,20,20,30,30,98,98,44,44,40,40,16,16,10,10,14,14,6,6,30,30,20,20,6,6
1,rs12040805,14,24,8,24,48,82,18,34,26,52,10,14,4,8,16,18,10,14,16,26,12,18,6,6
1,rs10915436,16,16,22,24,66,66,32,32,36,36,12,12,8,8,16,16,6,6,20,24,18,18,4,4
1,rs10915437,10,12,16,28,62,90,18,38,26,36,12,18,4,8,12,16,10,10,18,24,10,16,8,8
1,rs10915438,8,8,14,20,40,50,20,22,30,30,6,8,4,4,8,14,6,6,10,12,16,16,2,2
1,rs10753368,6,20,12,28,46,80,12,34,18,48,12,18,6,8,10,20,6,10,4,16,14,22,4,4
1,rs12083774,14,14,24,26,52,60,30,30,30,30,8,10,8,8,12,14,8,8,12,12,10,10,4,4
1,rs4654487,2,22,8,32,14,84,16,30,6,36,4,18,2,10,10,26,0,8,12,24,10,18,2,6
1,rs188464494,18,18,36,36,54,54,26,26,34,34,12,12,8,8,16,16,10,10,16,16,14,14,4,4
1,rs181611708,18,18,36,36,54,54,26,26,34,34,10,12,8,8,14,16,10,10,14,16,14,14,4,4
1,rs4131507,16,16,24,24,46,48,18,18,24,26,10,10,4,4,8,8,6,6,12,12,10,10,2,2
1,rs75440192,18,18,22,24,34,34,20,20,20,22,10,10,8,8,14,14,6,6,12,12,16,16,6,6
1,rs35986531,10,20,18,26,22,40,18,26,12,22,4,8,2,10,12,14,8,12,12,16,8,8,2,2
1,rs6702633,8,12,14,22,30,44,16,24,16,22,4,8,2,2,6,10,4,8,10,18,4,8,2,2
1,rs6663939,6,14,12,20,16,36,8,22,18,24,4,10,2,4,6,10,4,8,6,10,6,6,2,2
1,rs10915445,6,18,28,38,48,92,16,38,18,34,6,16,4,8,10,18,10,10,20,26,12,18,10,10
1,rs11808881,24,24,34,34,88,88,40,40,40,40,14,14,12,12,20,20,8,8,32,32,14,14,4,4
1,rs16840836,26,26,34,34,84,88,42,44,36,42,16,16,10,10,18,18,8,8,32,32,20,20,10,10
1,rs16840838,10,10,10,18,32,40,16,22,28,28,12,12,4,4,8,16,6,6,12,16,2,6,4,4
1,rs4654492,12,18,16,32,42,72,18,32,34,44,10,16,4,4,24,28,2,6,14,20,12,16,6,6
1,rs10799207,6,10,12,26,26,58,10,26,16,30,6,10,4,8,10,16,2,6,6,14,8,10,8,8
1,rs7542208,16,22,20,36,40,78,24,42,16,40,8,16,6,10,16,20,10,10,14,22,12,18,6,6
1,rs9426471,8,22,20,32,42,72,26,38,28,44,10,16,6,8,22,24,12,16,18,26,12,18,4,8
1,rs10915448,10,10,18,18,44,48,18,22,28,30,6,6,10,10,10,14,4,4,10,10,8,8,2,2
1,rs9426495,4,14,6,22,28,66,18,26,8,20,8,12,8,8,6,6,4,6,8,18,6,8,0,4
1,rs74880958,16,16,22,22,56,56,22,24,24,24,6,6,6,6,10,10,8,8,14,16,8,12,4,4
1,rs6683453,6,14,4,22,14,40,16,24,8,28,8,12,0,4,8,14,2,6,8,12,10,12,0,4
1,rs9426473,6,14,14,30,54,80,22,34,30,42,10,14,10,12,14,16,6,8,14,24,16,22,0,6
1,rs77995118,20,20,32,32,88,88,38,38,46,48,12,14,8,8,18,20,6,6,34,36,16,16,8,8
1,rs12062122,10,12,20,28,52,60,24,26,30,34,18,18,8,8,16,16,6,8,14,16,16,18,6,6
1,rs9988443,10,20,12,32,34,76,20,26,22,48,4,10,8,10,16,20,4,10,18,26,18,20,2,2
1,rs4609397,18,22,26,34,76,80,36,42,26,32,14,14,10,10,18,20,4,4,18,22,10,16,4,6
1,snp_1_4218229,14,14,30,30,50,50,24,24,30,30,6,6,8,8,18,18,4,4,12,12,12,12,6,6
1,rs4614226,8,16,10,22,20,60,10,18,12,40,4,10,2,10,8,14,2,6,16,20,4,12,0,2
1,rs4654495,12,20,10,34,32,76,22,40,20,44,10,16,6,10,18,24,4,10,20,30,8,16,4,6
1,rs4654496,2,16,0,24,0,56,0,20,2,28,2,12,0,6,0,20,0,2,2,12,0,16,0,4
1,snp_1_4227012,18,18,18,18,66,66,30,30,30,32,18,20,8,8,12,12,10,10,20,20,10,10,6,6
1,rs16840868,16,16,26,26,72,72,32,32,38,40,14,14,8,8,20,20,12,12,28,28,18,18,6,6
1,rs16840872,16,16,36,36,60,60,28,28,40,40,10,10,6,6,14,14,6,6,18,18,20,20,4,4
1,rs61512183,16,16,16,16,44,44,16,16,8,8,4,4,4,4,8,8,2,2,10,10,4,4,2,2
1,rs12074880,26,26,42,42,82,82,46,46,48,48,16,16,10,10,22,22,18,18,36,38,24,24,6,8
1,rs10915461,6,18,10,26,34,58,14,20,18,24,6,8,4,6,2,6,4,8,16,18,6,8,2,4
1,rs10915462,6,14,20,38,42,82,24,40,34,46,8,16,4,8,10,16,4,10,18,22,10,18,0,4
1,rs6688343,8,18,10,30,36,80,28,42,24,42,12,18,6,8,4,12,4,8,12,24,14,20,2,8
1,rs12032430,16,16,26,26,72,74,34,36,36,36,10,12,8,8,18,18,6,6,26,26,20,20,4,4
1,rs74808532,12,12,20,20,64,66,34,38,36,36,12,12,8,10,12,12,8,8,16,18,6,8,4,4
1,rs61770878,10,16,10,14,28,36,24,26,26,32,10,12,2,4,4,6,4,4,8,10,4,6,2,2